Date,Country,Cumulative number of case(s),Number of deaths,Number recovered,type
3/17/2003,Germany,1,0,0,sars
3/17/2003,Canada,8,2,0,sars
3/17/2003,Singapore,20,0,0,sars
3/17/2003,"Hong Kong SAR, China",95,1,0,sars
3/17/2003,Switzerland,2,0,0,sars
3/17/2003,Thailand,1,0,0,sars
3/17/2003,Viet Nam,40,1,0,sars
3/18/2003,Germany,2,0,0,sars
3/18/2003,Canada,8,2,0,sars
3/18/2003,China,0,0,0,sars
3/18/2003,Singapore,23,0,0,sars
3/18/2003,"Hong Kong SAR, China",123,1,0,sars
3/18/2003,"Taiwan, China",3,0,0,sars
3/18/2003,Thailand,1,0,0,sars
3/18/2003,Viet Nam,57,1,0,sars
3/18/2003,Slovenia,1,0,0,sars
3/18/2003,United Kingdom,1,0,0,sars
3/19/2003,Canada,8,2,0,sars
3/19/2003,China,0,0,0,sars
3/19/2003,Germany,1,0,0,sars
3/19/2003,"Hong Kong SAR, China",150,5,0,sars
3/19/2003,Singapore,31,0,0,sars
3/19/2003,Slovenia,1,0,0,sars
3/19/2003,Spain,1,0,0,sars
3/19/2003,"Taiwan, China",3,0,0,sars
3/19/2003,Thailand,1,0,0,sars
3/19/2003,United Kingdom,1,0,0,sars
3/19/2003,United States,11,0,0,sars
3/19/2003,Viet Nam,56,2,0,sars
3/20/2003,Canada,9,2,0,sars
3/20/2003,China,0,0,0,sars
3/20/2003,Germany,1,0,0,sars
3/20/2003,"Hong Kong SAR, China",173,6,0,sars
3/20/2003,Singapore,34,0,0,sars
3/20/2003,Slovenia,1,0,0,sars
3/20/2003,Spain,1,0,0,sars
3/20/2003,Switzerland,7,0,0,sars
3/20/2003,"Taiwan, China",4,0,0,sars
3/20/2003,Thailand,1,0,0,sars
3/20/2003,United Kingdom,2,0,0,sars
3/20/2003,United States,11,0,0,sars
3/20/2003,Viet Nam,62,2,0,sars
3/21/2003,Canada,9,2,0,sars
3/21/2003,China,0,0,0,sars
3/21/2003,Germany,1,0,0,sars
3/21/2003,"Hong Kong SAR, China",203,6,0,sars
3/21/2003,Italy,1,0,0,sars
3/21/2003,Republic of Ireland,1,0,0,sars
3/21/2003,Singapore,39,0,0,sars
3/21/2003,Slovenia,1,0,0,sars
3/21/2003,Spain,1,0,0,sars
3/21/2003,Switzerland,7,0,0,sars
3/21/2003,"Taiwan, China",6,0,0,sars
3/21/2003,Thailand,4,0,0,sars
3/21/2003,United Kingdom,2,0,0,sars
3/21/2003,United States,13,0,0,sars
3/21/2003,Viet Nam,62,2,0,sars
3/22/2003,Canada,9,2,0,sars
3/22/2003,China,0,0,0,sars
3/22/2003,Germany,2,0,0,sars
3/22/2003,"Hong Kong SAR, China",222,7,0,sars
3/22/2003,Italy,2,0,0,sars
3/22/2003,Republic of Ireland,1,0,0,sars
3/22/2003,Singapore,44,0,0,sars
3/22/2003,Slovenia,1,0,0,sars
3/22/2003,Spain,1,0,0,sars
3/22/2003,Switzerland,7,0,0,sars
3/22/2003,"Taiwan, China",6,0,0,sars
3/22/2003,Thailand,4,0,0,sars
3/22/2003,United Kingdom,2,0,0,sars
3/22/2003,United States,22,0,0,sars
3/22/2003,Viet Nam,63,2,0,sars
3/24/2003,Canada,11,3,0,sars
3/24/2003,China,0,0,0,sars
3/24/2003,France,1,0,0,sars
3/24/2003,Germany,4,0,0,sars
3/24/2003,"Hong Kong SAR, China",260,10,0,sars
3/24/2003,Italy,2,0,0,sars
3/24/2003,Republic of Ireland,1,0,0,sars
3/24/2003,Singapore,65,0,0,sars
3/24/2003,Spain,1,0,0,sars
3/24/2003,Switzerland,2,0,0,sars
3/24/2003,"Taiwan, China",6,0,0,sars
3/24/2003,Thailand,5,0,0,sars
3/24/2003,United Kingdom,3,0,0,sars
3/24/2003,United States,37,0,0,sars
3/24/2003,Viet Nam,58,4,0,sars
3/25/2003,Canada,11,3,0,sars
3/25/2003,China,0,0,0,sars
3/25/2003,France,1,0,0,sars
3/25/2003,Germany,4,0,0,sars
3/25/2003,"Hong Kong SAR, China",286,10,0,sars
3/25/2003,Italy,2,0,0,sars
3/25/2003,Republic of Ireland,1,0,0,sars
3/25/2003,Singapore,69,0,0,sars
3/25/2003,Switzerland,2,0,0,sars
3/25/2003,"Taiwan, China",6,0,0,sars
3/25/2003,Thailand,5,0,0,sars
3/25/2003,United Kingdom,3,0,0,sars
3/25/2003,United States,39,0,0,sars
3/25/2003,Viet Nam,58,4,0,sars
3/26/2003,Canada,19,3,0,sars
3/26/2003,China,792,31,0,sars
3/26/2003,"Hong Kong SAR, China",316,10,0,sars
3/26/2003,"Taiwan, China",6,0,0,sars
3/26/2003,France,1,0,0,sars
3/26/2003,Germany,4,0,0,sars
3/26/2003,Italy,3,0,0,sars
3/26/2003,Republic of Ireland,2,0,0,sars
3/26/2003,Singapore,74,1,0,sars
3/26/2003,Switzerland,2,0,0,sars
3/26/2003,Thailand,3,0,0,sars
3/26/2003,United Kingdom,3,0,0,sars
3/26/2003,United States,40,0,0,sars
3/26/2003,Viet Nam,58,4,0,sars
3/27/2003,Canada,28,3,0,sars
3/27/2003,China,806,34,0,sars
3/27/2003,"Hong Kong SAR, China",367,10,0,sars
3/27/2003,"Taiwan, China",6,0,0,sars
3/27/2003,France,1,0,0,sars
3/27/2003,Germany,4,0,0,sars
3/27/2003,Italy,2,0,0,sars
3/27/2003,Republic of Ireland,2,0,0,sars
3/27/2003,Romania,3,0,0,sars
3/27/2003,Singapore,78,2,0,sars
3/27/2003,Switzerland,2,0,0,sars
3/27/2003,Thailand,3,0,0,sars
3/27/2003,United Kingdom,3,0,0,sars
3/27/2003,United States,45,0,0,sars
3/27/2003,Viet Nam,58,4,0,sars
3/28/2003,Canada,29,3,0,sars
3/28/2003,China,806,34,0,sars
3/28/2003,"Hong Kong SAR, China",425,10,0,sars
3/28/2003,"Taiwan, China",10,0,0,sars
3/28/2003,France,1,0,0,sars
3/28/2003,Germany,4,0,0,sars
3/28/2003,Italy,2,0,0,sars
3/28/2003,Republic of Ireland,2,0,0,sars
3/28/2003,Romania,3,0,0,sars
3/28/2003,Singapore,86,2,0,sars
3/28/2003,Switzerland,2,0,0,sars
3/28/2003,Thailand,3,0,0,sars
3/28/2003,United Kingdom,3,0,0,sars
3/28/2003,United States,51,0,0,sars
3/28/2003,Viet Nam,58,4,0,sars
3/29/2003,Canada,37,3,0,sars
3/29/2003,China,806,34,0,sars
3/29/2003,"Hong Kong SAR, China",470,10,0,sars
3/29/2003,"Taiwan, China",10,0,0,sars
3/29/2003,France,1,0,0,sars
3/29/2003,Germany,4,0,0,sars
3/29/2003,Italy,2,0,0,sars
3/29/2003,Republic of Ireland,2,0,0,sars
3/29/2003,Romania,3,0,0,sars
3/29/2003,Singapore,89,2,0,sars
3/29/2003,Switzerland,3,0,0,sars
3/29/2003,Thailand,3,1,0,sars
3/29/2003,United Kingdom,3,0,0,sars
3/29/2003,United States,59,0,0,sars
3/29/2003,Viet Nam,58,4,0,sars
3/31/2003,Canada,44,4,0,sars
3/31/2003,China,806,34,0,sars
3/31/2003,"Hong Kong SAR, China",530,13,0,sars
3/31/2003,"Taiwan, China",10,0,0,sars
3/31/2003,France,1,0,0,sars
3/31/2003,Germany,5,0,0,sars
3/31/2003,Italy,2,0,0,sars
3/31/2003,Republic of Ireland,2,0,0,sars
3/31/2003,Romania,3,0,0,sars
3/31/2003,Singapore,91,2,0,sars
3/31/2003,Switzerland,3,0,0,sars
3/31/2003,Thailand,5,1,0,sars
3/31/2003,United Kingdom,3,0,0,sars
3/31/2003,United States,59,0,0,sars
3/31/2003,Viet Nam,58,4,0,sars
4/1/2003,Australia,1,0,0,sars
4/1/2003,Belgium,1,0,0,sars
4/1/2003,Canada,53,4,0,sars
4/1/2003,China,806,34,0,sars
4/1/2003,"Hong Kong SAR, China",685,16,0,sars
4/1/2003,"Taiwan, China",13,0,0,sars
4/1/2003,France,1,0,0,sars
4/1/2003,Germany,5,0,0,sars
4/1/2003,Italy,3,0,0,sars
4/1/2003,Republic of Ireland,2,0,0,sars
4/1/2003,Romania,3,0,0,sars
4/1/2003,Singapore,92,3,0,sars
4/1/2003,Switzerland,3,0,0,sars
4/1/2003,Thailand,6,1,0,sars
4/1/2003,United Kingdom,3,0,0,sars
4/1/2003,United States,69,0,0,sars
4/1/2003,Viet Nam,58,4,0,sars
4/2/2003,Australia,1,0,0,sars
4/2/2003,Belgium,1,0,0,sars
4/2/2003,Canada,58,6,0,sars
4/2/2003,China,1190,46,0,sars
4/2/2003,"Hong Kong SAR, China",708,16,0,sars
4/2/2003,"Taiwan, China",13,0,0,sars
4/2/2003,France,1,0,0,sars
4/2/2003,Germany,5,0,0,sars
4/2/2003,Italy,3,0,0,sars
4/2/2003,Republic of Ireland,2,0,0,sars
4/2/2003,Romania,3,0,0,sars
4/2/2003,Singapore,95,4,0,sars
4/2/2003,Spain,1,0,0,sars
4/2/2003,Switzerland,2,0,0,sars
4/2/2003,Thailand,7,2,0,sars
4/2/2003,United Kingdom,3,0,0,sars
4/2/2003,United States,72,0,0,sars
4/2/2003,Viet Nam,58,4,0,sars
4/3/2003,Australia,1,0,0,sars
4/3/2003,Belgium,1,0,0,sars
4/3/2003,Brazil,1,0,0,sars
4/3/2003,Canada,62,6,0,sars
4/3/2003,China,1190,46,0,sars
4/3/2003,"Hong Kong SAR, China",734,17,0,sars
4/3/2003,"Taiwan, China",14,0,0,sars
4/3/2003,France,3,0,0,sars
4/3/2003,Germany,5,0,0,sars
4/3/2003,Italy,3,0,0,sars
4/3/2003,Republic of Ireland,1,0,0,sars
4/3/2003,Romania,1,0,0,sars
4/3/2003,Singapore,98,4,0,sars
4/3/2003,Switzerland,2,0,0,sars
4/3/2003,Thailand,7,2,0,sars
4/3/2003,United Kingdom,3,0,0,sars
4/3/2003,United States,85,0,0,sars
4/3/2003,Viet Nam,59,4,0,sars
4/4/2003,Australia,1,0,0,sars
4/4/2003,Belgium,1,0,0,sars
4/4/2003,Brazil,1,0,0,sars
4/4/2003,Canada,69,7,0,sars
4/4/2003,China,1220,49,0,sars
4/4/2003,"Hong Kong SAR, China",761,17,0,sars
4/4/2003,"Taiwan, China",15,0,0,sars
4/4/2003,France,3,0,0,sars
4/4/2003,Germany,5,0,0,sars
4/4/2003,Italy,3,0,0,sars
4/4/2003,Republic of Ireland,1,0,0,sars
4/4/2003,Romania,1,0,0,sars
4/4/2003,Singapore,100,5,0,sars
4/4/2003,Spain,1,0,0,sars
4/4/2003,Switzerland,2,0,0,sars
4/4/2003,Thailand,7,2,0,sars
4/4/2003,United Kingdom,3,0,0,sars
4/4/2003,United States,100,0,0,sars
4/4/2003,Viet Nam,59,4,0,sars
4/5/2003,Australia,1,0,0,sars
4/5/2003,Belgium,1,0,0,sars
4/5/2003,Brazil,1,0,0,sars
4/5/2003,Canada,74,7,0,sars
4/5/2003,China,1220,49,0,sars
4/5/2003,"Hong Kong SAR, China",800,20,0,sars
4/5/2003,"Taiwan, China",17,0,0,sars
4/5/2003,France,3,0,0,sars
4/5/2003,Germany,5,0,0,sars
4/5/2003,Italy,3,0,0,sars
4/5/2003,Malaysia,1,1,0,sars
4/5/2003,Republic of Ireland,1,0,0,sars
4/5/2003,Romania,1,0,0,sars
4/5/2003,Singapore,101,6,0,sars
4/5/2003,Spain,1,0,0,sars
4/5/2003,Switzerland,1,0,0,sars
4/5/2003,Thailand,7,2,0,sars
4/5/2003,United Kingdom,4,0,0,sars
4/5/2003,United States,115,0,0,sars
4/5/2003,Viet Nam,59,4,0,sars
4/7/2003,Australia,1,0,0,sars
4/7/2003,Brazil,1,0,0,sars
4/7/2003,Canada,90,9,0,sars
4/7/2003,China,1268,53,0,sars
4/7/2003,"Hong Kong SAR, China",883,23,0,sars
4/7/2003,"Taiwan, China",21,0,0,sars
4/7/2003,France,3,0,0,sars
4/7/2003,Germany,5,0,0,sars
4/7/2003,Italy,3,0,0,sars
4/7/2003,Malaysia,1,1,0,sars
4/7/2003,Republic of Ireland,1,0,0,sars
4/7/2003,Romania,1,0,0,sars
4/7/2003,Singapore,106,6,0,sars
4/7/2003,Spain,1,0,0,sars
4/7/2003,Switzerland,1,0,0,sars
4/7/2003,Thailand,7,2,0,sars
4/7/2003,United Kingdom,5,0,0,sars
4/7/2003,United States,141,0,0,sars
4/7/2003,Viet Nam,62,4,0,sars
4/8/2003,Australia,1,0,0,sars
4/8/2003,Brazil,1,0,0,sars
4/8/2003,Canada,91,10,0,sars
4/8/2003,China,1279,53,0,sars
4/8/2003,"Hong Kong SAR, China",928,25,0,sars
4/8/2003,"Taiwan, China",19,0,0,sars
4/8/2003,France,4,0,0,sars
4/8/2003,Germany,5,0,0,sars
4/8/2003,Italy,3,0,0,sars
4/8/2003,Malaysia,1,1,0,sars
4/8/2003,Republic of Ireland,1,0,0,sars
4/8/2003,Romania,1,0,0,sars
4/8/2003,Singapore,113,8,0,sars
4/8/2003,Spain,1,0,0,sars
4/8/2003,Switzerland,1,0,0,sars
4/8/2003,Thailand,7,2,0,sars
4/8/2003,United Kingdom,5,0,0,sars
4/8/2003,United States,148,0,0,sars
4/8/2003,Viet Nam,62,4,0,sars
4/9/2003,Brazil,1,0,0,sars
4/9/2003,Canada,94,10,0,sars
4/9/2003,China,1280,53,0,sars
4/9/2003,"Hong Kong SAR, China",970,27,0,sars
4/9/2003,"Taiwan, China",19,0,0,sars
4/9/2003,France,4,0,0,sars
4/9/2003,Germany,5,0,0,sars
4/9/2003,Italy,3,0,0,sars
4/9/2003,Malaysia,1,1,0,sars
4/9/2003,Republic of Ireland,1,0,0,sars
4/9/2003,Romania,1,0,0,sars
4/9/2003,Singapore,118,9,0,sars
4/9/2003,Spain,1,0,0,sars
4/9/2003,Switzerland,1,0,0,sars
4/9/2003,Thailand,7,2,0,sars
4/9/2003,United Kingdom,5,0,0,sars
4/9/2003,United States,149,0,0,sars
4/9/2003,Viet Nam,62,4,0,sars
4/10/2003,Brazil,2,0,0,sars
4/10/2003,Canada,97,10,22,sars
4/10/2003,China,1290,55,1025,sars
4/10/2003,"Hong Kong SAR, China",998,30,154,sars
4/10/2003,"Taiwan, China",19,0,5,sars
4/10/2003,France,4,0,0,sars
4/10/2003,Germany,6,0,2,sars
4/10/2003,Italy,3,0,1,sars
4/10/2003,Kuwait,1,0,0,sars
4/10/2003,Malaysia,3,1,0,sars
4/10/2003,Republic of Ireland,1,0,1,sars
4/10/2003,Romania,1,0,0,sars
4/10/2003,Singapore,126,9,75,sars
4/10/2003,Spain,1,0,0,sars
4/10/2003,Switzerland,1,0,1,sars
4/10/2003,Thailand,7,2,5,sars
4/10/2003,United Kingdom,5,0,3,sars
4/10/2003,United States,154,0,0,sars
4/10/2003,Viet Nam,62,4,43,sars
4/11/2003,Brazil,2,0,0,sars
4/11/2003,Canada,98,10,25,sars
4/11/2003,China,1309,58,1037,sars
4/11/2003,"Hong Kong SAR, China",1059,32,169,sars
4/11/2003,"Taiwan, China",21,0,6,sars
4/11/2003,France,5,0,0,sars
4/11/2003,Germany,6,0,4,sars
4/11/2003,Italy,3,0,2,sars
4/11/2003,Japan,4,0,0,sars
4/11/2003,Kuwait,1,0,0,sars
4/11/2003,Malaysia,4,1,0,sars
4/11/2003,Republic of Ireland,1,0,1,sars
4/11/2003,Romania,1,0,0,sars
4/11/2003,Singapore,133,9,77,sars
4/11/2003,South Africa,1,0,0,sars
4/11/2003,Spain,1,0,0,sars
4/11/2003,Switzerland,1,0,1,sars
4/11/2003,Thailand,7,2,5,sars
4/11/2003,United Kingdom,5,0,3,sars
4/11/2003,United States,166,0,0,sars
4/11/2003,Viet Nam,62,4,43,sars
4/12/2003,Brazil,2,0,0,sars
4/12/2003,Canada,101,10,26,sars
4/12/2003,China,1309,58,1037,sars
4/12/2003,"Hong Kong SAR, China",1108,35,215,sars
4/12/2003,"Taiwan, China",23,0,7,sars
4/12/2003,France,5,0,1,sars
4/12/2003,Germany,6,0,4,sars
4/12/2003,Italy,3,0,2,sars
4/12/2003,Japan,4,0,0,sars
4/12/2003,Kuwait,1,0,0,sars
4/12/2003,Malaysia,4,1,0,sars
4/12/2003,Republic of Ireland,1,0,1,sars
4/12/2003,Romania,1,0,0,sars
4/12/2003,Singapore,147,9,77,sars
4/12/2003,South Africa,1,0,0,sars
4/12/2003,Spain,1,0,0,sars
4/12/2003,Switzerland,1,0,1,sars
4/12/2003,Thailand,8,2,5,sars
4/12/2003,United Kingdom,6,0,3,sars
4/12/2003,United States,166,0,0,sars
4/12/2003,China,62,4,46,sars
4/14/2003,Brazil,2,0,0,sars
4/14/2003,Canada,100,13,27,sars
4/14/2003,China,1418,64,1088,sars
4/14/2003,"Hong Kong SAR, China",1190,47,229,sars
4/14/2003,"Taiwan, China",23,0,7,sars
4/14/2003,France,5,0,1,sars
4/14/2003,Germany,6,0,4,sars
4/14/2003,Indonesia,1,0,0,sars
4/14/2003,Italy,3,0,2,sars
4/14/2003,Kuwait,1,0,0,sars
4/14/2003,Malaysia,4,1,0,sars
4/14/2003,Philippines,1,0,1,sars
4/14/2003,Republic of Ireland,1,0,1,sars
4/14/2003,Romania,1,0,0,sars
4/14/2003,Singapore,158,12,84,sars
4/14/2003,South Africa,1,0,0,sars
4/14/2003,Spain,1,0,0,sars
4/14/2003,Sweden,1,0,0,sars
4/14/2003,Switzerland,1,0,1,sars
4/14/2003,Thailand,8,2,5,sars
4/14/2003,United Kingdom,6,0,3,sars
4/14/2003,United States,174,0,0,sars
4/14/2003,Viet Nam,63,5,46,sars
4/15/2003,Brazil,2,0,0,sars
4/15/2003,Canada,100,13,27,sars
4/15/2003,China,1418,64,1088,sars
4/15/2003,"Hong Kong SAR, China",1232,56,243,sars
4/15/2003,"Taiwan, China",23,0,7,sars
4/15/2003,France,5,0,1,sars
4/15/2003,Germany,6,0,4,sars
4/15/2003,Indonesia,1,0,0,sars
4/15/2003,Italy,3,0,2,sars
4/15/2003,Japan,1,0,0,sars
4/15/2003,Kuwait,1,0,0,sars
4/15/2003,Malaysia,4,1,0,sars
4/15/2003,Philippines,1,0,1,sars
4/15/2003,Republic of Ireland,1,0,1,sars
4/15/2003,Romania,1,0,1,sars
4/15/2003,Singapore,162,13,85,sars
4/15/2003,South Africa,1,0,0,sars
4/15/2003,Spain,1,0,0,sars
4/15/2003,Sweden,1,0,0,sars
4/15/2003,Switzerland,1,0,1,sars
4/15/2003,Thailand,8,2,5,sars
4/15/2003,United Kingdom,6,0,3,sars
4/15/2003,United States,193,0,0,sars
4/15/2003,Viet Nam,63,5,46,sars
4/16/2003,Brazil,2,0,0,sars
4/16/2003,Canada,103,13,37,sars
4/16/2003,China,1432,64,1094,sars
4/16/2003,"Hong Kong SAR, China",1268,61,257,sars
4/16/2003,"Taiwan, China",27,0,10,sars
4/16/2003,France,5,0,1,sars
4/16/2003,Germany,6,0,4,sars
4/16/2003,Indonesia,1,0,0,sars
4/16/2003,Italy,3,0,2,sars
4/16/2003,Japan,1,0,0,sars
4/16/2003,Kuwait,1,0,0,sars
4/16/2003,Malaysia,5,1,0,sars
4/16/2003,Philippines,1,0,1,sars
4/16/2003,Republic of Ireland,1,0,1,sars
4/16/2003,Romania,1,0,1,sars
4/16/2003,Singapore,162,13,85,sars
4/16/2003,South Africa,1,0,0,sars
4/16/2003,Spain,1,0,0,sars
4/16/2003,Sweden,1,0,0,sars
4/16/2003,Switzerland,1,0,1,sars
4/16/2003,Thailand,8,2,5,sars
4/16/2003,United Kingdom,6,0,3,sars
4/16/2003,United States,193,0,0,sars
4/16/2003,Viet Nam,63,5,46,sars
4/17/2003,Australia,3,0,3,sars
4/17/2003,Brazil,2,0,0,sars
4/17/2003,Canada,126,12,46,sars
4/17/2003,China,1457,65,1107,sars
4/17/2003,"Hong Kong SAR, China",1297,65,272,sars
4/17/2003,"Taiwan, China",27,0,10,sars
4/17/2003,France,5,0,1,sars
4/17/2003,Germany,6,0,4,sars
4/17/2003,India,1,0,0,sars
4/17/2003,Indonesia,1,0,0,sars
4/17/2003,Italy,3,0,2,sars
4/17/2003,Japan,2,0,0,sars
4/17/2003,Kuwait,1,0,0,sars
4/17/2003,Malaysia,5,1,0,sars
4/17/2003,Mongolia,3,0,3,sars
4/17/2003,Philippines,1,0,1,sars
4/17/2003,Republic of Ireland,1,0,1,sars
4/17/2003,Romania,1,0,1,sars
4/17/2003,Singapore,167,15,91,sars
4/17/2003,South Africa,1,0,0,sars
4/17/2003,Spain,1,0,0,sars
4/17/2003,Sweden,1,0,0,sars
4/17/2003,Switzerland,1,0,1,sars
4/17/2003,Thailand,8,2,5,sars
4/17/2003,United Kingdom,6,0,3,sars
4/17/2003,United States,199,0,0,sars
4/17/2003,Viet Nam,63,5,46,sars
4/18/2003,Australia,3,0,3,sars
4/18/2003,Brazil,2,0,0,sars
4/18/2003,Canada,132,12,54,sars
4/18/2003,China,1512,65,1140,sars
4/18/2003,"Hong Kong SAR, China",1358,81,363,sars
4/18/2003,"Taiwan, China",29,0,17,sars
4/18/2003,France,5,0,1,sars
4/18/2003,Germany,6,0,4,sars
4/18/2003,India,1,0,1,sars
4/18/2003,Indonesia,1,0,0,sars
4/18/2003,Italy,3,0,2,sars
4/18/2003,Japan,4,0,0,sars
4/18/2003,Kuwait,1,0,0,sars
4/18/2003,Malaysia,5,1,0,sars
4/18/2003,Mongolia,3,0,3,sars
4/18/2003,Philippines,1,0,1,sars
4/18/2003,Republic of Ireland,1,0,1,sars
4/18/2003,Romania,1,0,1,sars
4/18/2003,Singapore,177,16,100,sars
4/18/2003,South Africa,1,0,0,sars
4/18/2003,Spain,1,0,0,sars
4/18/2003,Sweden,3,0,0,sars
4/18/2003,Switzerland,1,0,1,sars
4/18/2003,Thailand,7,2,6,sars
4/18/2003,United Kingdom,6,0,5,sars
4/18/2003,United States,220,0,0,sars
4/18/2003,Viet Nam,63,5,46,sars
4/19/2003,Australia,3,0,3,sars
4/19/2003,Brazil,2,0,0,sars
4/19/2003,Canada,132,12,54,sars
4/19/2003,China,1512,65,1140,sars
4/19/2003,"Hong Kong SAR, China",1358,81,363,sars
4/19/2003,"Taiwan, China",29,0,17,sars
4/19/2003,France,5,0,1,sars
4/19/2003,Germany,6,0,4,sars
4/19/2003,India,1,0,1,sars
4/19/2003,Indonesia,1,0,0,sars
4/19/2003,Italy,3,0,2,sars
4/19/2003,Japan,4,0,0,sars
4/19/2003,Kuwait,1,0,0,sars
4/19/2003,Malaysia,5,1,0,sars
4/19/2003,Mongolia,3,0,3,sars
4/19/2003,Philippines,1,0,1,sars
4/19/2003,Republic of Ireland,1,0,1,sars
4/19/2003,Romania,1,0,1,sars
4/19/2003,Singapore,177,16,100,sars
4/19/2003,South Africa,1,0,0,sars
4/19/2003,Spain,1,0,0,sars
4/19/2003,Sweden,3,0,0,sars
4/19/2003,Switzerland,1,0,1,sars
4/19/2003,Thailand,7,2,6,sars
4/19/2003,United Kingdom,6,0,5,sars
4/19/2003,United States,220,0,0,sars
4/19/2003,Viet Nam,63,5,46,sars
4/21/2003,Australia,3,0,3,sars
4/21/2003,Brazil,2,0,0,sars
4/21/2003,Canada,132,12,54,sars
4/21/2003,China,1959,86,1187,sars
4/21/2003,"Hong Kong SAR, China",1402,94,436,sars
4/21/2003,"Taiwan, China",29,0,17,sars
4/21/2003,France,5,0,1,sars
4/21/2003,Germany,6,0,4,sars
4/21/2003,India,1,0,1,sars
4/21/2003,Indonesia,1,0,0,sars
4/21/2003,Italy,3,0,2,sars
4/21/2003,Japan,5,0,0,sars
4/21/2003,Kuwait,1,0,1,sars
4/21/2003,Malaysia,6,1,0,sars
4/21/2003,Mongolia,3,0,3,sars
4/21/2003,Philippines,2,1,1,sars
4/21/2003,Republic of Ireland,1,0,1,sars
4/21/2003,Romania,1,0,1,sars
4/21/2003,Singapore,178,16,104,sars
4/21/2003,South Africa,1,0,0,sars
4/21/2003,Spain,1,0,0,sars
4/21/2003,Sweden,3,0,0,sars
4/21/2003,Switzerland,1,0,1,sars
4/21/2003,Thailand,7,2,5,sars
4/21/2003,United Kingdom,6,0,5,sars
4/21/2003,United States,39,0,0,sars
4/21/2003,Viet Nam,63,5,46,sars
4/22/2003,Australia,3,0,3,sars
4/22/2003,Brazil,2,0,0,sars
4/22/2003,Canada,139,13,65,sars
4/22/2003,China,2001,92,1201,sars
4/22/2003,"Hong Kong SAR, China",1434,99,461,sars
4/22/2003,"Taiwan, China",29,0,21,sars
4/22/2003,France,5,0,1,sars
4/22/2003,Germany,7,0,6,sars
4/22/2003,India,1,0,1,sars
4/22/2003,Indonesia,1,0,0,sars
4/22/2003,Italy,3,0,2,sars
4/22/2003,Japan,2,0,0,sars
4/22/2003,Kuwait,1,0,1,sars
4/22/2003,Malaysia,6,1,0,sars
4/22/2003,Mongolia,3,0,3,sars
4/22/2003,Philippines,2,1,1,sars
4/22/2003,Republic of Ireland,1,0,1,sars
4/22/2003,Romania,1,0,1,sars
4/22/2003,Singapore,186,16,110,sars
4/22/2003,South Africa,1,0,0,sars
4/22/2003,Spain,1,0,0,sars
4/22/2003,Sweden,3,0,0,sars
4/22/2003,Switzerland,1,0,1,sars
4/22/2003,Thailand,7,2,5,sars
4/22/2003,United Kingdom,6,0,5,sars
4/22/2003,United States,38,0,0,sars
4/22/2003,Viet Nam,63,5,46,sars
4/23/2003,Australia,4,0,3,sars
4/23/2003,Brazil,2,0,0,sars
4/23/2003,Canada,140,13,65,sars
4/23/2003,China,2305,106,1231,sars
4/23/2003,"Hong Kong SAR, China",1458,105,522,sars
4/23/2003,"Taiwan, China",37,0,21,sars
4/23/2003,France,5,0,1,sars
4/23/2003,Germany,7,0,6,sars
4/23/2003,India,1,0,1,sars
4/23/2003,Indonesia,1,0,0,sars
4/23/2003,Italy,3,0,2,sars
4/23/2003,Japan,2,0,0,sars
4/23/2003,Kuwait,1,0,1,sars
4/23/2003,Malaysia,5,2,2,sars
4/23/2003,Mongolia,3,0,3,sars
4/23/2003,Philippines,2,1,1,sars
4/23/2003,Republic of Ireland,1,0,1,sars
4/23/2003,Romania,1,0,1,sars
4/23/2003,Singapore,189,17,114,sars
4/23/2003,South Africa,1,0,0,sars
4/23/2003,Spain,1,0,0,sars
4/23/2003,Sweden,3,0,0,sars
4/23/2003,Switzerland,1,0,1,sars
4/23/2003,Thailand,7,2,5,sars
4/23/2003,United Kingdom,6,0,5,sars
4/23/2003,United States,39,0,0,sars
4/23/2003,Viet Nam,63,5,46,sars
4/24/2003,Brazil,2,0,2,sars
4/24/2003,Bulgaria,1,0,0,sars
4/24/2003,Canada,140,15,67,sars
4/24/2003,China,2422,110,1254,sars
4/24/2003,"Hong Kong SAR, China",1488,109,567,sars
4/24/2003,"Taiwan, China",37,0,21,sars
4/24/2003,France,5,0,1,sars
4/24/2003,Germany,7,0,6,sars
4/24/2003,India,1,0,1,sars
4/24/2003,Indonesia,1,0,1,sars
4/24/2003,Italy,4,0,3,sars
4/24/2003,Japan,2,0,0,sars
4/24/2003,Kuwait,1,0,1,sars
4/24/2003,Malaysia,5,2,2,sars
4/24/2003,Mongolia,3,0,3,sars
4/24/2003,Philippines,2,1,1,sars
4/24/2003,Republic of Ireland,1,0,1,sars
4/24/2003,Romania,1,0,1,sars
4/24/2003,Singapore,192,19,118,sars
4/24/2003,South Africa,1,0,0,sars
4/24/2003,Spain,1,0,1,sars
4/24/2003,Sweden,3,0,2,sars
4/24/2003,Switzerland,1,0,1,sars
4/24/2003,Thailand,8,2,5,sars
4/24/2003,United Kingdom,6,0,6,sars
4/24/2003,United States,37,0,0,sars
4/24/2003,Viet Nam,63,5,49,sars
4/25/2003,Brazil,2,0,2,sars
4/25/2003,Bulgaria,1,0,0,sars
4/25/2003,Canada,140,15,74,sars
4/25/2003,China,2601,115,1277,sars
4/25/2003,"Hong Kong SAR, China",1510,115,614,sars
4/25/2003,"Taiwan, China",41,0,21,sars
4/25/2003,France,5,0,1,sars
4/25/2003,Germany,7,0,6,sars
4/25/2003,India,1,0,1,sars
4/25/2003,Indonesia,1,0,1,sars
4/25/2003,Italy,4,0,3,sars
4/25/2003,Japan,2,0,0,sars
4/25/2003,Kuwait,1,0,1,sars
4/25/2003,Malaysia,5,2,2,sars
4/25/2003,Mongolia,3,0,3,sars
4/25/2003,Philippines,2,1,1,sars
4/25/2003,Republic of Ireland,1,0,1,sars
4/25/2003,Romania,1,0,1,sars
4/25/2003,Singapore,195,19,126,sars
4/25/2003,South Africa,1,0,0,sars
4/25/2003,Spain,1,0,1,sars
4/25/2003,Sweden,3,0,2,sars
4/25/2003,Switzerland,1,0,1,sars
4/25/2003,Thailand,8,2,5,sars
4/25/2003,United Kingdom,6,0,6,sars
4/25/2003,United States,39,0,0,sars
4/25/2003,Viet Nam,63,5,53,sars
4/26/2003,Brazil,2,0,2,sars
4/26/2003,Bulgaria,1,0,0,sars
4/26/2003,Canada,142,18,77,sars
4/26/2003,China,2753,122,1285,sars
4/26/2003,"Hong Kong SAR, China",1527,121,632,sars
4/26/2003,"Taiwan, China",49,0,25,sars
4/26/2003,France,5,0,1,sars
4/26/2003,Germany,7,0,6,sars
4/26/2003,India,1,0,1,sars
4/26/2003,Indonesia,1,0,1,sars
4/26/2003,Italy,4,0,3,sars
4/26/2003,Japan,2,0,0,sars
4/26/2003,Kuwait,1,0,1,sars
4/26/2003,Malaysia,5,2,2,sars
4/26/2003,Mongolia,5,0,3,sars
4/26/2003,Philippines,4,2,1,sars
4/26/2003,Republic of Ireland,1,0,1,sars
4/26/2003,Romania,1,0,1,sars
4/26/2003,Singapore,198,21,126,sars
4/26/2003,South Africa,1,0,0,sars
4/26/2003,Spain,1,0,1,sars
4/26/2003,Sweden,3,0,2,sars
4/26/2003,Switzerland,1,0,1,sars
4/26/2003,Thailand,7,2,5,sars
4/26/2003,United Kingdom,6,0,6,sars
4/26/2003,United States,41,0,0,sars
4/26/2003,Viet Nam,63,5,53,sars
4/28/2003,Brazil,2,0,2,sars
4/28/2003,Bulgaria,1,0,0,sars
4/28/2003,Canada,142,18,77,sars
4/28/2003,China,2914,131,1299,sars
4/28/2003,"Hong Kong SAR, China",1557,138,710,sars
4/28/2003,"Taiwan, China",66,0,25,sars
4/28/2003,France,5,0,1,sars
4/28/2003,Germany,7,0,6,sars
4/28/2003,India,1,0,1,sars
4/28/2003,Indonesia,1,0,1,sars
4/28/2003,Italy,8,0,3,sars
4/28/2003,Japan,2,0,0,sars
4/28/2003,Kuwait,1,0,1,sars
4/28/2003,Malaysia,6,2,2,sars
4/28/2003,Mongolia,5,0,3,sars
4/28/2003,Philippines,4,2,1,sars
4/28/2003,Republic of Ireland,1,0,1,sars
4/28/2003,Romania,1,0,1,sars
4/28/2003,Singapore,199,23,137,sars
4/28/2003,South Africa,1,0,0,sars
4/28/2003,Spain,1,0,1,sars
4/28/2003,Sweden,3,0,2,sars
4/28/2003,Switzerland,1,0,1,sars
4/28/2003,Thailand,7,2,5,sars
4/28/2003,United Kingdom,6,0,6,sars
4/28/2003,United States,41,0,0,sars
4/28/2003,Viet Nam,63,5,53,sars
4/29/2003,Brazil,2,0,2,sars
4/29/2003,Bulgaria,1,0,0,sars
4/29/2003,Canada,146,20,86,sars
4/29/2003,China,3303,148,1322,sars
4/29/2003,"Hong Kong SAR, China",1572,150,759,sars
4/29/2003,"Taiwan, China",66,0,25,sars
4/29/2003,France,5,0,1,sars
4/29/2003,Germany,7,0,6,sars
4/29/2003,India,1,0,1,sars
4/29/2003,Indonesia,1,0,1,sars
4/29/2003,Italy,9,0,4,sars
4/29/2003,Japan,2,0,0,sars
4/29/2003,Kuwait,1,0,1,sars
4/29/2003,Malaysia,6,2,3,sars
4/29/2003,Mongolia,5,0,3,sars
4/29/2003,Philippines,4,2,1,sars
4/29/2003,Republic of Ireland,1,0,1,sars
4/29/2003,Republic of Korea,1,0,0,sars
4/29/2003,Romania,1,0,1,sars
4/29/2003,Singapore,201,24,139,sars
4/29/2003,South Africa,1,0,0,sars
4/29/2003,Spain,1,0,1,sars
4/29/2003,Sweden,3,0,2,sars
4/29/2003,Switzerland,1,0,1,sars
4/29/2003,Thailand,7,2,5,sars
4/29/2003,United Kingdom,6,0,6,sars
4/29/2003,United States,41,0,0,sars
4/29/2003,Viet Nam,63,5,53,sars
4/30/2003,Brazil,2,0,2,sars
4/30/2003,Bulgaria,1,0,0,sars
4/30/2003,Canada,148,20,87,sars
4/30/2003,China,3460,159,1332,sars
4/30/2003,"Hong Kong SAR, China",1589,157,791,sars
4/30/2003,"Macao SAR, China",1,0,0,sars
4/30/2003,"Taiwan, China",78,1,25,sars
4/30/2003,France,5,0,1,sars
4/30/2003,Germany,7,0,7,sars
4/30/2003,Indonesia,2,0,1,sars
4/30/2003,Italy,9,0,4,sars
4/30/2003,Japan,2,0,0,sars
4/30/2003,Kuwait,1,0,1,sars
4/30/2003,Malaysia,6,2,3,sars
4/30/2003,Mongolia,6,0,3,sars
4/30/2003,Philippines,4,2,1,sars
4/30/2003,Republic of Ireland,1,0,1,sars
4/30/2003,Republic of Korea,1,0,0,sars
4/30/2003,Romania,1,0,1,sars
4/30/2003,Singapore,201,24,139,sars
4/30/2003,South Africa,1,0,0,sars
4/30/2003,Spain,1,0,1,sars
4/30/2003,Sweden,3,0,2,sars
4/30/2003,Switzerland,1,0,1,sars
4/30/2003,Thailand,7,2,5,sars
4/30/2003,United Kingdom,6,0,6,sars
4/30/2003,United States,52,0,0,sars
4/30/2003,Viet Nam,63,5,53,sars
5/1/2003,Brazil,2,0,2,sars
5/1/2003,Bulgaria,1,0,0,sars
5/1/2003,Canada,147,20,87,sars
5/1/2003,China,3638,170,1351,sars
5/1/2003,"Hong Kong SAR, China",1600,162,834,sars
5/1/2003,"Macao SAR, China",1,0,0,sars
5/1/2003,"Taiwan, China",89,3,25,sars
5/1/2003,France,5,0,1,sars
5/1/2003,Germany,7,0,7,sars
5/1/2003,Indonesia,2,0,1,sars
5/1/2003,Italy,9,0,4,sars
5/1/2003,Japan,2,0,0,sars
5/1/2003,Kuwait,1,0,1,sars
5/1/2003,Malaysia,6,2,3,sars
5/1/2003,Mongolia,6,0,3,sars
5/1/2003,Philippines,4,2,1,sars
5/1/2003,Poland,1,0,0,sars
5/1/2003,Republic of Ireland,1,0,1,sars
5/1/2003,Republic of Korea,1,0,0,sars
5/1/2003,Romania,1,0,1,sars
5/1/2003,Singapore,201,25,143,sars
5/1/2003,South Africa,1,0,0,sars
5/1/2003,Spain,1,0,1,sars
5/1/2003,Sweden,3,0,2,sars
5/1/2003,Switzerland,1,0,1,sars
5/1/2003,Thailand,7,2,5,sars
5/1/2003,United Kingdom,6,0,6,sars
5/1/2003,United States,54,0,23,sars
5/1/2003,Viet Nam,63,5,56,sars
5/2/2003,Brazil,2,0,2,sars
5/2/2003,Bulgaria,1,0,0,sars
5/2/2003,Canada,149,22,93,sars
5/2/2003,China,3799,181,1372,sars
5/2/2003,"Hong Kong SAR, China",1611,170,878,sars
5/2/2003,"Macao SAR, China",1,0,0,sars
5/2/2003,"Taiwan, China",100,8,25,sars
5/2/2003,France,5,0,4,sars
5/2/2003,Germany,7,0,7,sars
5/2/2003,Indonesia,2,0,1,sars
5/2/2003,Italy,9,0,4,sars
5/2/2003,Kuwait,1,0,1,sars
5/2/2003,Malaysia,6,2,3,sars
5/2/2003,Mongolia,8,0,4,sars
5/2/2003,New Zealand,1,0,1,sars
5/2/2003,Philippines,3,2,1,sars
5/2/2003,Poland,1,0,0,sars
5/2/2003,Republic of Ireland,1,0,1,sars
5/2/2003,Republic of Korea,1,0,0,sars
5/2/2003,Romania,1,0,1,sars
5/2/2003,Singapore,203,25,146,sars
5/2/2003,South Africa,1,0,0,sars
5/2/2003,Spain,1,0,1,sars
5/2/2003,Sweden,3,0,2,sars
5/2/2003,Switzerland,1,0,1,sars
5/2/2003,Thailand,7,2,5,sars
5/2/2003,United Kingdom,6,0,6,sars
5/2/2003,United States,56,0,24,sars
5/2/2003,Viet Nam,63,5,56,sars
5/3/2003,Brazil,2,0,2,sars
5/3/2003,Bulgaria,1,0,0,sars
5/3/2003,Canada,149,22,94,sars
5/3/2003,China,3971,190,1406,sars
5/3/2003,"Hong Kong SAR, China",1621,179,898,sars
5/3/2003,"Macao SAR, China",1,0,0,sars
5/3/2003,"Taiwan, China",100,8,25,sars
5/3/2003,France,5,0,4,sars
5/3/2003,Germany,7,0,7,sars
5/3/2003,Indonesia,2,0,1,sars
5/3/2003,Italy,9,0,4,sars
5/3/2003,Kuwait,1,0,1,sars
5/3/2003,Malaysia,6,2,3,sars
5/3/2003,Mongolia,8,0,4,sars
5/3/2003,New Zealand,1,0,1,sars
5/3/2003,Philippines,3,2,1,sars
5/3/2003,Poland,1,0,0,sars
5/3/2003,Republic of Ireland,1,0,1,sars
5/3/2003,Republic of Korea,1,0,0,sars
5/3/2003,Romania,1,0,1,sars
5/3/2003,Singapore,203,25,147,sars
5/3/2003,South Africa,1,0,1,sars
5/3/2003,Spain,1,0,1,sars
5/3/2003,Sweden,3,0,2,sars
5/3/2003,Switzerland,1,0,1,sars
5/3/2003,Thailand,7,2,5,sars
5/3/2003,United Kingdom,6,0,6,sars
5/3/2003,United States,54,0,24,sars
5/3/2003,Viet Nam,63,5,58,sars
5/5/2003,Brazil,2,0,2,sars
5/5/2003,Bulgaria,1,0,0,sars
5/5/2003,Canada,148,22,93,sars
5/5/2003,China,4280,206,1433,sars
5/5/2003,"Hong Kong SAR, China",1637,187,930,sars
5/5/2003,"Macao SAR, China",1,0,0,sars
5/5/2003,"Taiwan, China",116,8,25,sars
5/5/2003,France,5,0,4,sars
5/5/2003,Germany,7,0,7,sars
5/5/2003,Indonesia,2,0,1,sars
5/5/2003,Italy,9,0,4,sars
5/5/2003,Kuwait,1,0,1,sars
5/5/2003,Malaysia,7,2,4,sars
5/5/2003,Mongolia,8,0,4,sars
5/5/2003,New Zealand,1,0,1,sars
5/5/2003,Philippines,3,2,1,sars
5/5/2003,Poland,1,0,0,sars
5/5/2003,Republic of Ireland,1,0,1,sars
5/5/2003,Republic of Korea,1,0,0,sars
5/5/2003,Romania,1,0,1,sars
5/5/2003,Singapore,204,26,149,sars
5/5/2003,South Africa,1,1,0,sars
5/5/2003,Spain,1,0,1,sars
5/5/2003,Sweden,3,0,2,sars
5/5/2003,Switzerland,1,0,1,sars
5/5/2003,Thailand,7,2,5,sars
5/5/2003,United Kingdom,6,0,6,sars
5/5/2003,United States,61,0,26,sars
5/5/2003,Viet Nam,63,5,58,sars
5/6/2003,Brazil,2,0,2,sars
5/6/2003,Bulgaria,1,0,0,sars
5/6/2003,Canada,148,22,93,sars
5/6/2003,China,4409,214,1460,sars
5/6/2003,"Hong Kong SAR, China",1646,193,958,sars
5/6/2003,"Macao SAR, China",1,0,0,sars
5/6/2003,"Taiwan, China",116,10,25,sars
5/6/2003,Colombia,1,0,1,sars
5/6/2003,France,5,0,4,sars
5/6/2003,Germany,7,0,7,sars
5/6/2003,India,1,0,0,sars
5/6/2003,Indonesia,2,0,1,sars
5/6/2003,Italy,9,0,4,sars
5/6/2003,Kuwait,1,0,1,sars
5/6/2003,Malaysia,7,2,4,sars
5/6/2003,Mongolia,8,0,4,sars
5/6/2003,New Zealand,1,0,1,sars
5/6/2003,Philippines,3,2,1,sars
5/6/2003,Poland,1,0,0,sars
5/6/2003,Republic of Ireland,1,0,1,sars
5/6/2003,Republic of Korea,1,0,0,sars
5/6/2003,Romania,1,0,1,sars
5/6/2003,Singapore,204,27,149,sars
5/6/2003,South Africa,1,1,0,sars
5/6/2003,Spain,1,0,1,sars
5/6/2003,Sweden,3,0,2,sars
5/6/2003,Switzerland,1,0,1,sars
5/6/2003,Thailand,7,2,5,sars
5/6/2003,United Kingdom,6,0,6,sars
5/6/2003,United States,65,0,32,sars
5/6/2003,Viet Nam,63,5,58,sars
5/7/2003,Brazil,2,0,2,sars
5/7/2003,Bulgaria,1,0,0,sars
5/7/2003,Canada,146,22,93,sars
5/7/2003,China,4560,219,1487,sars
5/7/2003,"Hong Kong SAR, China",1654,204,984,sars
5/7/2003,"Macao SAR, China",1,0,0,sars
5/7/2003,"Taiwan, China",125,11,26,sars
5/7/2003,Colombia,1,0,1,sars
5/7/2003,France,6,0,4,sars
5/7/2003,Germany,8,0,7,sars
5/7/2003,India,1,0,0,sars
5/7/2003,Indonesia,2,0,1,sars
5/7/2003,Italy,9,0,5,sars
5/7/2003,Kuwait,1,0,1,sars
5/7/2003,Malaysia,7,2,4,sars
5/7/2003,Mongolia,9,0,6,sars
5/7/2003,New Zealand,1,0,1,sars
5/7/2003,Philippines,10,2,2,sars
5/7/2003,Poland,1,0,0,sars
5/7/2003,Republic of Ireland,1,0,1,sars
5/7/2003,Republic of Korea,1,0,0,sars
5/7/2003,Romania,1,0,1,sars
5/7/2003,Singapore,204,27,150,sars
5/7/2003,South Africa,1,1,0,sars
5/7/2003,Spain,1,0,1,sars
5/7/2003,Sweden,3,0,2,sars
5/7/2003,Switzerland,1,0,1,sars
5/7/2003,Thailand,7,2,5,sars
5/7/2003,United Kingdom,6,0,6,sars
5/7/2003,United States,65,0,32,sars
5/7/2003,Viet Nam,63,5,58,sars
5/8/2003,Brazil,2,0,2,sars
5/8/2003,Bulgaria,1,0,0,sars
5/8/2003,Canada,146,22,95,sars
5/8/2003,China,4698,224,1529,sars
5/8/2003,"Hong Kong SAR, China",1661,208,1008,sars
5/8/2003,"Macao SAR, China",1,0,0,sars
5/8/2003,"Taiwan, China",131,13,26,sars
5/8/2003,Colombia,1,0,1,sars
5/8/2003,Finland,1,0,0,sars
5/8/2003,France,6,0,4,sars
5/8/2003,Germany,8,0,7,sars
5/8/2003,India,1,0,0,sars
5/8/2003,Indonesia,2,0,1,sars
5/8/2003,Italy,9,0,6,sars
5/8/2003,Kuwait,1,0,1,sars
5/8/2003,Malaysia,7,2,4,sars
5/8/2003,Mongolia,9,0,6,sars
5/8/2003,New Zealand,1,0,1,sars
5/8/2003,Philippines,10,2,2,sars
5/8/2003,Poland,1,0,0,sars
5/8/2003,Republic of Ireland,1,0,1,sars
5/8/2003,Republic of Korea,1,0,1,sars
5/8/2003,Romania,1,0,1,sars
5/8/2003,Singapore,204,27,153,sars
5/8/2003,South Africa,1,1,0,sars
5/8/2003,Spain,1,0,1,sars
5/8/2003,Sweden,3,0,2,sars
5/8/2003,Switzerland,1,0,1,sars
5/8/2003,Thailand,7,2,5,sars
5/8/2003,United Kingdom,6,0,6,sars
5/8/2003,United States,63,0,33,sars
5/8/2003,Viet Nam,63,5,58,sars
5/9/2003,Brazil,2,0,2,sars
5/9/2003,Bulgaria,1,0,0,sars
5/9/2003,Canada,145,22,94,sars
5/9/2003,China,4805,230,1582,sars
5/9/2003,"Hong Kong SAR, China",1667,210,1015,sars
5/9/2003,"Macao SAR, China",1,0,0,sars
5/9/2003,"Taiwan, China",149,13,26,sars
5/9/2003,Colombia,1,0,1,sars
5/9/2003,Finland,1,0,0,sars
5/9/2003,France,6,0,4,sars
5/9/2003,Germany,9,0,9,sars
5/9/2003,India,1,0,0,sars
5/9/2003,Indonesia,2,0,1,sars
5/9/2003,Italy,9,0,9,sars
5/9/2003,Kuwait,1,0,1,sars
5/9/2003,Malaysia,6,2,4,sars
5/9/2003,Mongolia,9,0,6,sars
5/9/2003,New Zealand,1,0,1,sars
5/9/2003,Philippines,10,2,2,sars
5/9/2003,Poland,1,0,0,sars
5/9/2003,Republic of Ireland,1,0,1,sars
5/9/2003,Republic of Korea,1,0,1,sars
5/9/2003,Romania,1,0,1,sars
5/9/2003,Singapore,204,27,153,sars
5/9/2003,South Africa,1,1,0,sars
5/9/2003,Spain,1,0,1,sars
5/9/2003,Sweden,3,0,2,sars
5/9/2003,Switzerland,1,0,1,sars
5/9/2003,Thailand,7,2,5,sars
5/9/2003,United Kingdom,6,0,6,sars
5/9/2003,United States,63,0,33,sars
5/9/2003,Viet Nam,63,5,58,sars
5/10/2003,Brazil,2,0,2,sars
5/10/2003,Bulgaria,1,0,0,sars
5/10/2003,Canada,145,22,97,sars
5/10/2003,China,4884,235,1620,sars
5/10/2003,"Hong Kong SAR, China",1674,212,1035,sars
5/10/2003,"Macao SAR, China",1,0,0,sars
5/10/2003,"Taiwan, China",172,18,26,sars
5/10/2003,Colombia,1,0,1,sars
5/10/2003,Finland,1,0,0,sars
5/10/2003,France,7,0,4,sars
5/10/2003,Germany,9,0,9,sars
5/10/2003,India,1,0,0,sars
5/10/2003,Indonesia,2,0,1,sars
5/10/2003,Italy,9,0,9,sars
5/10/2003,Kuwait,1,0,1,sars
5/10/2003,Malaysia,7,2,4,sars
5/10/2003,Mongolia,9,0,6,sars
5/10/2003,New Zealand,1,0,1,sars
5/10/2003,Philippines,10,2,2,sars
5/10/2003,Poland,1,0,0,sars
5/10/2003,Republic of Ireland,1,0,1,sars
5/10/2003,Republic of Korea,1,0,1,sars
5/10/2003,Romania,1,0,1,sars
5/10/2003,Singapore,205,27,155,sars
5/10/2003,South Africa,1,1,0,sars
5/10/2003,Spain,1,0,1,sars
5/10/2003,Sweden,3,0,2,sars
5/10/2003,Switzerland,1,0,1,sars
5/10/2003,Thailand,7,2,5,sars
5/10/2003,United Kingdom,6,0,6,sars
5/10/2003,United States,64,0,34,sars
5/10/2003,Viet Nam,63,5,58,sars
5/12/2003,Brazil,2,0,2,sars
5/12/2003,Bulgaria,1,0,0,sars
5/12/2003,Canada,143,22,98,sars
5/12/2003,China,5013,252,1693,sars
5/12/2003,"Hong Kong SAR, China",1683,218,1066,sars
5/12/2003,"Macao SAR, China",1,0,0,sars
5/12/2003,"Taiwan, China",184,20,26,sars
5/12/2003,Colombia,1,0,1,sars
5/12/2003,Finland,1,0,0,sars
5/12/2003,France,7,0,4,sars
5/12/2003,Germany,9,0,9,sars
5/12/2003,India,1,0,0,sars
5/12/2003,Indonesia,2,0,1,sars
5/12/2003,Italy,9,0,8,sars
5/12/2003,Kuwait,1,0,1,sars
5/12/2003,Malaysia,7,2,4,sars
5/12/2003,Mongolia,9,0,6,sars
5/12/2003,New Zealand,1,0,1,sars
5/12/2003,Philippines,10,2,3,sars
5/12/2003,Poland,1,0,0,sars
5/12/2003,Republic of Ireland,1,0,1,sars
5/12/2003,Republic of Korea,2,0,1,sars
5/12/2003,Romania,1,0,1,sars
5/12/2003,Singapore,205,28,156,sars
5/12/2003,South Africa,1,1,0,sars
5/12/2003,Spain,1,0,1,sars
5/12/2003,Sweden,3,0,2,sars
5/12/2003,Switzerland,1,0,1,sars
5/12/2003,Thailand,7,2,5,sars
5/12/2003,United Kingdom,6,0,6,sars
5/12/2003,United States,64,0,34,sars
5/12/2003,Viet Nam,63,5,58,sars
5/13/2003,Brazil,2,0,2,sars
5/13/2003,Bulgaria,1,0,0,sars
5/13/2003,Canada,143,22,99,sars
5/13/2003,China,5086,262,1765,sars
5/13/2003,"Hong Kong SAR, China",1689,225,1090,sars
5/13/2003,"Macao SAR, China",1,0,0,sars
5/13/2003,"Taiwan, China",207,24,30,sars
5/13/2003,Colombia,1,0,1,sars
5/13/2003,Finland,1,0,0,sars
5/13/2003,France,7,0,4,sars
5/13/2003,Germany,9,0,9,sars
5/13/2003,India,3,0,0,sars
5/13/2003,Indonesia,2,0,1,sars
5/13/2003,Italy,9,0,9,sars
5/13/2003,Kuwait,1,0,1,sars
5/13/2003,Malaysia,7,2,4,sars
5/13/2003,Mongolia,9,0,6,sars
5/13/2003,New Zealand,1,0,1,sars
5/13/2003,Philippines,10,2,3,sars
5/13/2003,Republic of Ireland,1,0,1,sars
5/13/2003,Republic of Korea,2,0,1,sars
5/13/2003,Romania,1,0,1,sars
5/13/2003,Singapore,205,28,157,sars
5/13/2003,South Africa,1,1,0,sars
5/13/2003,Spain,1,0,1,sars
5/13/2003,Sweden,3,0,3,sars
5/13/2003,Switzerland,1,0,1,sars
5/13/2003,Thailand,7,2,5,sars
5/13/2003,United Kingdom,4,0,4,sars
5/13/2003,United States,64,0,35,sars
5/13/2003,Viet Nam,63,5,58,sars
5/14/2003,Brazil,2,0,2,sars
5/14/2003,Bulgaria,1,0,0,sars
5/14/2003,Canada,143,23,104,sars
5/14/2003,China,5124,267,1811,sars
5/14/2003,"Hong Kong SAR, China",1698,227,1128,sars
5/14/2003,"Macao SAR, China",1,0,0,sars
5/14/2003,"Taiwan, China",238,30,38,sars
5/14/2003,Colombia,1,0,1,sars
5/14/2003,Finland,1,0,0,sars
5/14/2003,France,7,0,4,sars
5/14/2003,Germany,9,0,9,sars
5/14/2003,India,3,0,0,sars
5/14/2003,Indonesia,2,0,2,sars
5/14/2003,Italy,9,0,9,sars
5/14/2003,Kuwait,1,0,1,sars
5/14/2003,Malaysia,7,2,5,sars
5/14/2003,Mongolia,9,0,6,sars
5/14/2003,New Zealand,1,0,1,sars
5/14/2003,Philippines,10,2,3,sars
5/14/2003,Republic of Ireland,1,0,1,sars
5/14/2003,Republic of Korea,3,0,1,sars
5/14/2003,Romania,1,0,1,sars
5/14/2003,Singapore,205,28,157,sars
5/14/2003,South Africa,1,1,0,sars
5/14/2003,Spain,1,0,1,sars
5/14/2003,Sweden,3,0,3,sars
5/14/2003,Switzerland,1,0,1,sars
5/14/2003,Thailand,8,2,5,sars
5/14/2003,United Kingdom,4,0,4,sars
5/14/2003,United States,64,0,35,sars
5/14/2003,Viet Nam,63,5,58,sars
5/15/2003,Brazil,2,0,2,sars
5/15/2003,Bulgaria,1,0,0,sars
5/15/2003,Canada,142,23,107,sars
5/15/2003,China,5163,271,1858,sars
5/15/2003,"Hong Kong SAR, China",1703,234,1160,sars
5/15/2003,"Macao SAR, China",1,0,0,sars
5/15/2003,"Taiwan, China",264,30,38,sars
5/15/2003,Colombia,1,0,1,sars
5/15/2003,Finland,1,0,0,sars
5/15/2003,France,7,0,4,sars
5/15/2003,Germany,9,0,9,sars
5/15/2003,India,3,0,3,sars
5/15/2003,Indonesia,2,0,2,sars
5/15/2003,Italy,9,0,9,sars
5/15/2003,Kuwait,1,0,1,sars
5/15/2003,Malaysia,7,2,5,sars
5/15/2003,Mongolia,9,0,7,sars
5/15/2003,New Zealand,1,0,1,sars
5/15/2003,Philippines,12,2,4,sars
5/15/2003,Republic of Ireland,1,0,1,sars
5/15/2003,Republic of Korea,3,0,1,sars
5/15/2003,Romania,1,0,1,sars
5/15/2003,Singapore,205,28,157,sars
5/15/2003,South Africa,1,1,0,sars
5/15/2003,Spain,1,0,1,sars
5/15/2003,Sweden,3,0,3,sars
5/15/2003,Switzerland,1,0,1,sars
5/15/2003,Thailand,8,2,5,sars
5/15/2003,United Kingdom,4,0,4,sars
5/15/2003,United States,64,0,35,sars
5/15/2003,Viet Nam,63,5,58,sars
5/16/2003,Brazil,2,0,2,sars
5/16/2003,Bulgaria,1,0,0,sars
5/16/2003,Canada,140,23,106,sars
5/16/2003,China,5191,275,1947,sars
5/16/2003,"Hong Kong SAR, China",1706,238,1171,sars
5/16/2003,"Macao SAR, China",1,0,0,sars
5/16/2003,"Taiwan, China",274,35,46,sars
5/16/2003,Colombia,1,0,1,sars
5/16/2003,Finland,1,0,0,sars
5/16/2003,France,7,0,4,sars
5/16/2003,Germany,9,0,9,sars
5/16/2003,India,3,0,3,sars
5/16/2003,Indonesia,2,0,2,sars
5/16/2003,Italy,9,0,9,sars
5/16/2003,Kuwait,1,0,1,sars
5/16/2003,Malaysia,7,2,5,sars
5/16/2003,Mongolia,9,0,7,sars
5/16/2003,New Zealand,1,0,1,sars
5/16/2003,Philippines,12,2,4,sars
5/16/2003,Republic of Ireland,1,0,1,sars
5/16/2003,Republic of Korea,3,0,1,sars
5/16/2003,Romania,1,0,1,sars
5/16/2003,Singapore,205,28,157,sars
5/16/2003,South Africa,1,1,0,sars
5/16/2003,Spain,1,0,1,sars
5/16/2003,Sweden,3,0,3,sars
5/16/2003,Switzerland,1,0,1,sars
5/16/2003,Thailand,8,2,5,sars
5/16/2003,United Kingdom,4,0,4,sars
5/16/2003,United States,65,0,34,sars
5/16/2003,Viet Nam,63,5,58,sars
5/17/2003,Brazil,2,0,2,sars
5/17/2003,Canada,140,23,106,sars
5/17/2003,China,5209,282,2009,sars
5/17/2003,"Hong Kong SAR, China",1710,243,1191,sars
5/17/2003,"Macao SAR, China",1,0,0,sars
5/17/2003,"Taiwan, China",274,35,46,sars
5/17/2003,Colombia,1,0,1,sars
5/17/2003,Finland,1,0,0,sars
5/17/2003,France,7,0,6,sars
5/17/2003,Germany,9,0,9,sars
5/17/2003,India,3,0,3,sars
5/17/2003,Indonesia,2,0,2,sars
5/17/2003,Italy,9,0,9,sars
5/17/2003,Kuwait,1,0,1,sars
5/17/2003,Malaysia,7,2,5,sars
5/17/2003,Mongolia,9,0,7,sars
5/17/2003,New Zealand,1,0,1,sars
5/17/2003,Philippines,12,2,4,sars
5/17/2003,Republic of Ireland,1,0,1,sars
5/17/2003,Republic of Korea,3,0,1,sars
5/17/2003,Romania,1,0,1,sars
5/17/2003,Singapore,205,28,157,sars
5/17/2003,South Africa,1,1,0,sars
5/17/2003,Spain,1,0,1,sars
5/17/2003,Sweden,3,0,3,sars
5/17/2003,Switzerland,1,0,1,sars
5/17/2003,Thailand,8,2,5,sars
5/17/2003,United Kingdom,4,0,4,sars
5/17/2003,United States,66,0,34,sars
5/17/2003,Viet Nam,63,5,58,sars
5/19/2003,Brazil,2,0,2,sars
5/19/2003,Canada,140,23,106,sars
5/19/2003,China,5236,289,2148,sars
5/19/2003,"Hong Kong SAR, China",1714,251,1213,sars
5/19/2003,"Macao SAR, China",1,0,0,sars
5/19/2003,"Taiwan, China",344,40,50,sars
5/19/2003,Colombia,1,0,1,sars
5/19/2003,Finland,1,0,0,sars
5/19/2003,France,7,0,6,sars
5/19/2003,Germany,9,0,9,sars
5/19/2003,India,3,0,3,sars
5/19/2003,Indonesia,2,0,2,sars
5/19/2003,Italy,9,0,9,sars
5/19/2003,Kuwait,1,0,1,sars
5/19/2003,Malaysia,7,2,5,sars
5/19/2003,Mongolia,9,0,8,sars
5/19/2003,New Zealand,1,0,1,sars
5/19/2003,Philippines,12,2,8,sars
5/19/2003,Republic of Ireland,1,0,1,sars
5/19/2003,Republic of Korea,3,0,1,sars
5/19/2003,Romania,1,0,1,sars
5/19/2003,Singapore,206,28,160,sars
5/19/2003,South Africa,1,1,0,sars
5/19/2003,Spain,1,0,1,sars
5/19/2003,Sweden,3,0,3,sars
5/19/2003,Switzerland,1,0,1,sars
5/19/2003,Thailand,8,2,5,sars
5/19/2003,United Kingdom,4,0,4,sars
5/19/2003,United States,67,0,34,sars
5/19/2003,Viet Nam,63,5,58,sars
5/20/2003,Brazil,2,0,2,sars
5/20/2003,Canada,140,23,106,sars
5/20/2003,China,5248,294,2254,sars
5/20/2003,"Hong Kong SAR, China",1718,253,1229,sars
5/20/2003,"Macao SAR, China",1,0,0,sars
5/20/2003,"Taiwan, China",383,52,63,sars
5/20/2003,Colombia,1,0,1,sars
5/20/2003,Finland,1,0,0,sars
5/20/2003,France,7,0,6,sars
5/20/2003,Germany,9,0,9,sars
5/20/2003,India,3,0,3,sars
5/20/2003,Indonesia,2,0,2,sars
5/20/2003,Italy,9,0,9,sars
5/20/2003,Kuwait,1,0,1,sars
5/20/2003,Malaysia,7,2,5,sars
5/20/2003,Mongolia,9,0,8,sars
5/20/2003,New Zealand,1,0,1,sars
5/20/2003,Philippines,12,2,8,sars
5/20/2003,Republic of Ireland,1,0,1,sars
5/20/2003,Republic of Korea,3,0,2,sars
5/20/2003,Romania,1,0,1,sars
5/20/2003,Singapore,206,28,161,sars
5/20/2003,South Africa,1,1,0,sars
5/20/2003,Spain,1,0,1,sars
5/20/2003,Sweden,3,0,3,sars
5/20/2003,Switzerland,1,0,1,sars
5/20/2003,Thailand,8,2,5,sars
5/20/2003,United Kingdom,4,0,4,sars
5/20/2003,United States,67,0,34,sars
5/20/2003,Viet Nam,63,5,58,sars
5/21/2003,Brazil,2,0,2,sars
5/21/2003,Canada,140,23,108,sars
5/21/2003,China,5249,296,2335,sars
5/21/2003,"Hong Kong SAR, China",1719,255,1237,sars
5/21/2003,"Macao SAR, China",1,0,0,sars
5/21/2003,"Taiwan, China",418,52,71,sars
5/21/2003,Colombia,1,0,1,sars
5/21/2003,Finland,1,0,1,sars
5/21/2003,France,7,0,6,sars
5/21/2003,Germany,9,0,9,sars
5/21/2003,India,3,0,3,sars
5/21/2003,Indonesia,2,0,2,sars
5/21/2003,Italy,9,0,9,sars
5/21/2003,Kuwait,1,0,1,sars
5/21/2003,Malaysia,8,2,5,sars
5/21/2003,Mongolia,9,0,8,sars
5/21/2003,New Zealand,1,0,1,sars
5/21/2003,Philippines,12,2,10,sars
5/21/2003,Republic of Ireland,1,0,1,sars
5/21/2003,Republic of Korea,3,0,2,sars
5/21/2003,Romania,1,0,1,sars
5/21/2003,Singapore,206,28,161,sars
5/21/2003,South Africa,1,1,0,sars
5/21/2003,Spain,1,0,1,sars
5/21/2003,Sweden,3,0,3,sars
5/21/2003,Switzerland,1,0,1,sars
5/21/2003,Thailand,8,2,5,sars
5/21/2003,United Kingdom,4,0,4,sars
5/21/2003,United States,66,0,33,sars
5/21/2003,Viet Nam,63,5,58,sars
5/22/2003,Australia,6,0,6,sars
5/22/2003,Brazil,2,0,2,sars
5/22/2003,Canada,140,23,109,sars
5/22/2003,China,5271,300,2445,sars
5/22/2003,"Hong Kong SAR, China",1722,258,1247,sars
5/22/2003,"Macao SAR, China",2,0,0,sars
5/22/2003,"Taiwan, China",483,60,74,sars
5/22/2003,Colombia,1,0,1,sars
5/22/2003,Finland,1,0,1,sars
5/22/2003,France,7,0,6,sars
5/22/2003,Germany,9,0,9,sars
5/22/2003,India,3,0,3,sars
5/22/2003,Indonesia,2,0,2,sars
5/22/2003,Italy,9,0,9,sars
5/22/2003,Kuwait,1,0,1,sars
5/22/2003,Malaysia,8,2,5,sars
5/22/2003,Mongolia,9,0,8,sars
5/22/2003,New Zealand,1,0,1,sars
5/22/2003,Philippines,12,2,10,sars
5/22/2003,Republic of Ireland,1,0,1,sars
5/22/2003,Republic of Korea,3,0,2,sars
5/22/2003,Romania,1,0,1,sars
5/22/2003,Singapore,206,29,162,sars
5/22/2003,South Africa,1,1,0,sars
5/22/2003,Spain,1,0,1,sars
5/22/2003,Sweden,3,0,3,sars
5/22/2003,Switzerland,1,0,1,sars
5/22/2003,Thailand,8,2,5,sars
5/22/2003,United Kingdom,4,0,4,sars
5/22/2003,United States,65,0,33,sars
5/22/2003,Viet Nam,63,5,58,sars
5/23/2003,Brazil,2,0,2,sars
5/23/2003,Canada,140,23,109,sars
5/23/2003,China,5285,303,2544,sars
5/23/2003,"Hong Kong SAR, China",1724,260,1255,sars
5/23/2003,"Macao SAR, China",2,0,0,sars
5/23/2003,"Taiwan, China",538,60,82,sars
5/23/2003,Colombia,1,0,1,sars
5/23/2003,Finland,1,0,1,sars
5/23/2003,France,7,0,6,sars
5/23/2003,Germany,9,0,9,sars
5/23/2003,India,3,0,3,sars
5/23/2003,Indonesia,2,0,2,sars
5/23/2003,Italy,9,0,9,sars
5/23/2003,Kuwait,1,0,1,sars
5/23/2003,Malaysia,8,2,5,sars
5/23/2003,Mongolia,9,0,8,sars
5/23/2003,New Zealand,1,0,1,sars
5/23/2003,Philippines,12,2,10,sars
5/23/2003,Republic of Ireland,1,0,1,sars
5/23/2003,Republic of Korea,3,0,2,sars
5/23/2003,Romania,1,0,1,sars
5/23/2003,Singapore,206,31,163,sars
5/23/2003,South Africa,1,1,0,sars
5/23/2003,Spain,1,0,1,sars
5/23/2003,Sweden,3,0,3,sars
5/23/2003,Switzerland,1,0,1,sars
5/23/2003,Thailand,8,2,5,sars
5/23/2003,United Kingdom,4,0,4,sars
5/23/2003,United States,65,0,33,sars
5/23/2003,Viet Nam,63,5,58,sars
5/24/2003,Brazil,2,0,2,sars
5/24/2003,Canada,140,23,109,sars
5/24/2003,China,5309,308,2675,sars
5/24/2003,"Hong Kong SAR, China",1724,262,1266,sars
5/24/2003,"Macao SAR, China",2,0,0,sars
5/24/2003,"Taiwan, China",538,60,82,sars
5/24/2003,Colombia,1,0,1,sars
5/24/2003,Finland,1,0,1,sars
5/24/2003,France,7,0,6,sars
5/24/2003,Germany,9,0,9,sars
5/24/2003,India,3,0,3,sars
5/24/2003,Indonesia,2,0,2,sars
5/24/2003,Italy,9,0,9,sars
5/24/2003,Kuwait,1,0,1,sars
5/24/2003,Malaysia,8,2,5,sars
5/24/2003,Mongolia,9,0,8,sars
5/24/2003,New Zealand,1,0,1,sars
5/24/2003,Philippines,12,2,10,sars
5/24/2003,Republic of Ireland,1,0,1,sars
5/24/2003,Republic of Korea,3,0,2,sars
5/24/2003,Romania,1,0,1,sars
5/24/2003,Singapore,206,31,163,sars
5/24/2003,South Africa,1,1,0,sars
5/24/2003,Spain,1,0,1,sars
5/24/2003,Sweden,3,0,3,sars
5/24/2003,Switzerland,1,0,1,sars
5/24/2003,Thailand,8,2,5,sars
5/24/2003,United Kingdom,4,0,4,sars
5/24/2003,United States,65,0,33,sars
5/24/2003,Viet Nam,63,5,58,sars
5/26/2003,Brazil,2,0,2,sars
5/26/2003,Canada,148,26,110,sars
5/26/2003,China,5316,317,2829,sars
5/26/2003,"Hong Kong SAR, China",1726,267,1276,sars
5/26/2003,"Macao SAR, China",2,0,0,sars
5/26/2003,"Taiwan, China",585,72,112,sars
5/26/2003,Colombia,1,0,1,sars
5/26/2003,Finland,1,0,1,sars
5/26/2003,France,7,0,6,sars
5/26/2003,Germany,9,0,9,sars
5/26/2003,India,3,0,3,sars
5/26/2003,Indonesia,2,0,2,sars
5/26/2003,Italy,9,0,9,sars
5/26/2003,Kuwait,1,0,1,sars
5/26/2003,Malaysia,5,2,3,sars
5/26/2003,Mongolia,9,0,8,sars
5/26/2003,New Zealand,1,0,1,sars
5/26/2003,Philippines,12,2,10,sars
5/26/2003,Republic of Ireland,1,0,1,sars
5/26/2003,Republic of Korea,3,0,2,sars
5/26/2003,Romania,1,0,1,sars
5/26/2003,Singapore,206,31,163,sars
5/26/2003,South Africa,1,1,0,sars
5/26/2003,Spain,1,0,1,sars
5/26/2003,Sweden,3,0,3,sars
5/26/2003,Switzerland,1,0,1,sars
5/26/2003,Thailand,8,2,6,sars
5/26/2003,United Kingdom,4,0,4,sars
5/26/2003,United States,65,0,33,sars
5/26/2003,Viet Nam,63,5,58,sars
5/27/2003,Brazil,2,0,2,sars
5/27/2003,Canada,148,26,111,sars
5/27/2003,China,5322,321,2944,sars
5/27/2003,"Hong Kong SAR, China",1728,269,1285,sars
5/27/2003,"Macao SAR, China",2,0,0,sars
5/27/2003,"Taiwan, China",596,76,112,sars
5/27/2003,Colombia,1,0,1,sars
5/27/2003,Finland,1,0,1,sars
5/27/2003,France,7,0,6,sars
5/27/2003,Germany,9,0,9,sars
5/27/2003,India,3,0,3,sars
5/27/2003,Indonesia,2,0,2,sars
5/27/2003,Italy,9,0,9,sars
5/27/2003,Kuwait,1,0,1,sars
5/27/2003,Malaysia,5,2,3,sars
5/27/2003,Mongolia,9,0,9,sars
5/27/2003,New Zealand,1,0,1,sars
5/27/2003,Philippines,12,2,10,sars
5/27/2003,Republic of Ireland,1,0,1,sars
5/27/2003,Republic of Korea,3,0,2,sars
5/27/2003,Romania,1,0,1,sars
5/27/2003,Singapore,206,31,163,sars
5/27/2003,South Africa,1,1,0,sars
5/27/2003,Spain,1,0,1,sars
5/27/2003,Sweden,3,0,3,sars
5/27/2003,Switzerland,1,0,1,sars
5/27/2003,Thailand,8,2,6,sars
5/27/2003,United Kingdom,4,0,4,sars
5/27/2003,United States,65,0,32,sars
5/27/2003,Viet Nam,63,5,58,sars
5/28/2003,Australia,6,0,6,sars
5/28/2003,Brazil,2,0,2,sars
5/28/2003,Canada,149,26,111,sars
5/28/2003,China,5323,325,3036,sars
5/28/2003,"Hong Kong SAR, China",1730,270,1295,sars
5/28/2003,"Macao SAR, China",2,0,0,sars
5/28/2003,"Taiwan, China",610,81,112,sars
5/28/2003,Colombia,1,0,1,sars
5/28/2003,Finland,1,0,1,sars
5/28/2003,France,7,0,6,sars
5/28/2003,Germany,9,0,9,sars
5/28/2003,India,3,0,3,sars
5/28/2003,Indonesia,2,0,2,sars
5/28/2003,Italy,9,0,9,sars
5/28/2003,Kuwait,1,0,1,sars
5/28/2003,Malaysia,5,2,3,sars
5/28/2003,Mongolia,9,0,9,sars
5/28/2003,New Zealand,1,0,1,sars
5/28/2003,Philippines,12,2,10,sars
5/28/2003,Republic of Ireland,1,0,1,sars
5/28/2003,Republic of Korea,3,0,2,sars
5/28/2003,Romania,1,0,1,sars
5/28/2003,Singapore,206,31,165,sars
5/28/2003,South Africa,1,1,0,sars
5/28/2003,Spain,1,0,1,sars
5/28/2003,Sweden,3,0,3,sars
5/28/2003,Switzerland,1,0,1,sars
5/28/2003,Thailand,8,2,6,sars
5/28/2003,United Kingdom,4,0,4,sars
5/28/2003,United States,66,0,32,sars
5/28/2003,Viet Nam,63,5,58,sars
5/29/2003,Australia,6,0,6,sars
5/29/2003,Brazil,2,0,2,sars
5/29/2003,Canada,151,26,112,sars
5/29/2003,China,5325,327,3121,sars
5/29/2003,"Hong Kong SAR, China",1732,273,1302,sars
5/29/2003,"Macao SAR, China",1,0,0,sars
5/29/2003,"Taiwan, China",660,81,122,sars
5/29/2003,Colombia,1,0,1,sars
5/29/2003,Finland,1,0,1,sars
5/29/2003,France,7,0,6,sars
5/29/2003,Germany,9,0,9,sars
5/29/2003,India,3,0,3,sars
5/29/2003,Indonesia,2,0,2,sars
5/29/2003,Italy,9,0,9,sars
5/29/2003,Kuwait,1,0,1,sars
5/29/2003,Malaysia,5,2,3,sars
5/29/2003,Mongolia,9,0,9,sars
5/29/2003,New Zealand,1,0,1,sars
5/29/2003,Philippines,12,2,10,sars
5/29/2003,Republic of Ireland,1,0,1,sars
5/29/2003,Republic of Korea,3,0,2,sars
5/29/2003,Romania,1,0,1,sars
5/29/2003,Singapore,206,31,165,sars
5/29/2003,South Africa,1,1,0,sars
5/29/2003,Spain,1,0,1,sars
5/29/2003,Sweden,3,0,3,sars
5/29/2003,Switzerland,1,0,1,sars
5/29/2003,Thailand,8,2,6,sars
5/29/2003,United Kingdom,4,0,4,sars
5/29/2003,United States,66,0,32,sars
5/29/2003,Viet Nam,63,5,58,sars
5/30/2003,Brazil,2,0,2,sars
5/30/2003,Canada,159,28,112,sars
5/30/2003,China,5328,328,3250,sars
5/30/2003,"Hong Kong SAR, China",1736,274,1304,sars
5/30/2003,"Macao SAR, China",1,0,0,sars
5/30/2003,"Taiwan, China",667,81,125,sars
5/30/2003,Colombia,1,0,1,sars
5/30/2003,Finland,1,0,1,sars
5/30/2003,France,7,0,6,sars
5/30/2003,Germany,9,0,9,sars
5/30/2003,India,3,0,3,sars
5/30/2003,Indonesia,2,0,2,sars
5/30/2003,Italy,9,0,9,sars
5/30/2003,Kuwait,1,0,1,sars
5/30/2003,Malaysia,5,2,3,sars
5/30/2003,Mongolia,9,0,9,sars
5/30/2003,New Zealand,1,0,1,sars
5/30/2003,Philippines,12,2,10,sars
5/30/2003,Republic of Ireland,1,0,1,sars
5/30/2003,Republic of Korea,3,0,3,sars
5/30/2003,Romania,1,0,1,sars
5/30/2003,Singapore,206,31,165,sars
5/30/2003,South Africa,1,1,0,sars
5/30/2003,Spain,1,0,1,sars
5/30/2003,Sweden,3,0,3,sars
5/30/2003,Switzerland,1,0,1,sars
5/30/2003,Thailand,8,2,6,sars
5/30/2003,United Kingdom,4,0,4,sars
5/30/2003,United States,66,0,32,sars
5/30/2003,Viet Nam,63,5,58,sars
5/31/2003,Brazil,2,0,2,sars
5/31/2003,Canada,188,30,116,sars
5/31/2003,China,5328,332,3371,sars
5/31/2003,"Hong Kong SAR, China",1739,278,1310,sars
5/31/2003,"Macao SAR, China",1,0,0,sars
5/31/2003,"Taiwan, China",676,81,129,sars
5/31/2003,Colombia,1,0,1,sars
5/31/2003,Finland,1,0,1,sars
5/31/2003,France,7,0,6,sars
5/31/2003,Germany,10,0,9,sars
5/31/2003,India,3,0,3,sars
5/31/2003,Indonesia,2,0,2,sars
5/31/2003,Italy,9,0,9,sars
5/31/2003,Kuwait,1,0,1,sars
5/31/2003,Malaysia,5,2,3,sars
5/31/2003,Mongolia,9,0,9,sars
5/31/2003,New Zealand,1,0,1,sars
5/31/2003,Philippines,12,2,10,sars
5/31/2003,Republic of Ireland,1,0,1,sars
5/31/2003,Republic of Korea,3,0,3,sars
5/31/2003,Romania,1,0,1,sars
5/31/2003,Russian Federation,1,0,0,sars
5/31/2003,Singapore,206,31,165,sars
5/31/2003,South Africa,1,1,0,sars
5/31/2003,Spain,1,0,1,sars
5/31/2003,Sweden,3,0,3,sars
5/31/2003,Switzerland,1,0,1,sars
5/31/2003,Thailand,8,2,6,sars
5/31/2003,United Kingdom,4,0,4,sars
5/31/2003,United States,66,0,32,sars
5/31/2003,Viet Nam,63,5,58,sars
6/2/2003,Brazil,2,0,2,sars
6/2/2003,Canada,198,30,116,sars
6/2/2003,China,5328,334,3495,sars
6/2/2003,"Hong Kong SAR, China",1746,282,1319,sars
6/2/2003,"Macao SAR, China",1,0,1,sars
6/2/2003,"Taiwan, China",684,81,134,sars
6/2/2003,Colombia,1,0,1,sars
6/2/2003,Finland,1,0,1,sars
6/2/2003,France,7,0,6,sars
6/2/2003,Germany,10,0,9,sars
6/2/2003,India,3,0,3,sars
6/2/2003,Indonesia,2,0,2,sars
6/2/2003,Italy,9,0,9,sars
6/2/2003,Kuwait,1,0,1,sars
6/2/2003,Malaysia,5,2,3,sars
6/2/2003,Mongolia,9,0,9,sars
6/2/2003,New Zealand,1,0,1,sars
6/2/2003,Philippines,12,2,10,sars
6/2/2003,Republic of Ireland,1,0,1,sars
6/2/2003,Republic of Korea,3,0,3,sars
6/2/2003,Romania,1,0,1,sars
6/2/2003,Russian Federation,1,0,0,sars
6/2/2003,Singapore,206,31,165,sars
6/2/2003,South Africa,1,1,0,sars
6/2/2003,Spain,1,0,1,sars
6/2/2003,Sweden,3,0,3,sars
6/2/2003,Switzerland,1,0,1,sars
6/2/2003,Thailand,8,2,6,sars
6/2/2003,United Kingdom,4,0,4,sars
6/2/2003,United States,66,0,32,sars
6/2/2003,Viet Nam,63,5,58,sars
6/3/2003,Brazil,2,0,2,sars
6/3/2003,Canada,213,31,116,sars
6/3/2003,China,5329,334,3558,sars
6/3/2003,"Hong Kong SAR, China",1747,283,1326,sars
6/3/2003,"Macao SAR, China",1,0,1,sars
6/3/2003,"Taiwan, China",679,81,136,sars
6/3/2003,Colombia,1,0,1,sars
6/3/2003,Finland,1,0,1,sars
6/3/2003,France,7,0,6,sars
6/3/2003,Germany,10,0,9,sars
6/3/2003,India,3,0,3,sars
6/3/2003,Indonesia,2,0,2,sars
6/3/2003,Italy,9,0,9,sars
6/3/2003,Kuwait,1,0,1,sars
6/3/2003,Malaysia,5,2,3,sars
6/3/2003,Mongolia,9,0,9,sars
6/3/2003,New Zealand,1,0,1,sars
6/3/2003,Philippines,12,2,10,sars
6/3/2003,Republic of Ireland,1,0,1,sars
6/3/2003,Republic of Korea,3,0,3,sars
6/3/2003,Romania,1,0,1,sars
6/3/2003,Russian Federation,1,0,0,sars
6/3/2003,Singapore,206,31,165,sars
6/3/2003,South Africa,1,1,0,sars
6/3/2003,Spain,1,0,1,sars
6/3/2003,Sweden,3,0,3,sars
6/3/2003,Switzerland,1,0,1,sars
6/3/2003,Thailand,8,2,6,sars
6/3/2003,United Kingdom,4,0,4,sars
6/3/2003,United States,68,0,33,sars
6/3/2003,Viet Nam,63,5,58,sars
6/4/2003,Brazil,2,0,2,sars
6/4/2003,Canada,216,31,121,sars
6/4/2003,China,5329,334,3674,sars
6/4/2003,"Hong Kong SAR, China",1748,283,1339,sars
6/4/2003,"Macao SAR, China",1,0,1,sars
6/4/2003,"Taiwan, China",678,81,272,sars
6/4/2003,Colombia,1,0,1,sars
6/4/2003,Finland,1,0,1,sars
6/4/2003,France,7,0,6,sars
6/4/2003,Germany,10,0,9,sars
6/4/2003,India,3,0,3,sars
6/4/2003,Indonesia,2,0,2,sars
6/4/2003,Italy,9,0,9,sars
6/4/2003,Kuwait,1,0,1,sars
6/4/2003,Malaysia,5,2,3,sars
6/4/2003,Mongolia,9,0,9,sars
6/4/2003,New Zealand,1,0,1,sars
6/4/2003,Philippines,12,2,10,sars
6/4/2003,Republic of Ireland,1,0,1,sars
6/4/2003,Republic of Korea,3,0,3,sars
6/4/2003,Romania,1,0,1,sars
6/4/2003,Russian Federation,1,0,0,sars
6/4/2003,Singapore,206,31,165,sars
6/4/2003,South Africa,1,1,0,sars
6/4/2003,Spain,1,0,1,sars
6/4/2003,Sweden,3,0,3,sars
6/4/2003,Switzerland,1,0,1,sars
6/4/2003,Thailand,8,2,6,sars
6/4/2003,United Kingdom,4,0,4,sars
6/4/2003,United States,69,0,34,sars
6/4/2003,Viet Nam,63,5,58,sars
6/5/2003,Brazil,2,0,2,sars
6/5/2003,Canada,218,31,120,sars
6/5/2003,China,5329,336,3770,sars
6/5/2003,"Hong Kong SAR, China",1748,284,1343,sars
6/5/2003,"Macao SAR, China",1,0,1,sars
6/5/2003,"Taiwan, China",677,81,257,sars
6/5/2003,Colombia,1,0,1,sars
6/5/2003,Finland,1,0,1,sars
6/5/2003,France,7,0,6,sars
6/5/2003,Germany,10,0,9,sars
6/5/2003,India,3,0,3,sars
6/5/2003,Indonesia,2,0,2,sars
6/5/2003,Italy,9,0,9,sars
6/5/2003,Kuwait,1,0,1,sars
6/5/2003,Malaysia,5,2,3,sars
6/5/2003,Mongolia,9,0,9,sars
6/5/2003,New Zealand,1,0,1,sars
6/5/2003,Philippines,12,2,10,sars
6/5/2003,Republic of Ireland,1,0,1,sars
6/5/2003,Republic of Korea,3,0,3,sars
6/5/2003,Romania,1,0,1,sars
6/5/2003,Russian Federation,1,0,0,sars
6/5/2003,Singapore,206,31,165,sars
6/5/2003,South Africa,1,1,0,sars
6/5/2003,Spain,1,0,1,sars
6/5/2003,Sweden,3,0,3,sars
6/5/2003,Switzerland,1,0,1,sars
6/5/2003,Thailand,8,2,6,sars
6/5/2003,United Kingdom,4,0,4,sars
6/5/2003,United States,69,0,34,sars
6/5/2003,Viet Nam,63,5,58,sars
6/6/2003,Brazil,2,0,2,sars
6/6/2003,Canada,219,31,120,sars
6/6/2003,China,5329,338,3869,sars
6/6/2003,"Hong Kong SAR, China",1750,286,1350,sars
6/6/2003,"Macao SAR, China",1,0,1,sars
6/6/2003,"Taiwan, China",676,81,257,sars
6/6/2003,Colombia,1,0,1,sars
6/6/2003,Finland,1,0,1,sars
6/6/2003,France,7,0,6,sars
6/6/2003,Germany,10,0,9,sars
6/6/2003,India,3,0,3,sars
6/6/2003,Indonesia,2,0,2,sars
6/6/2003,Italy,9,0,9,sars
6/6/2003,Kuwait,1,0,1,sars
6/6/2003,Malaysia,5,2,3,sars
6/6/2003,Mongolia,9,0,9,sars
6/6/2003,New Zealand,1,0,1,sars
6/6/2003,Philippines,12,2,10,sars
6/6/2003,Republic of Ireland,1,0,1,sars
6/6/2003,Republic of Korea,3,0,3,sars
6/6/2003,Romania,1,0,1,sars
6/6/2003,Russian Federation,1,0,0,sars
6/6/2003,Singapore,206,31,165,sars
6/6/2003,South Africa,1,1,0,sars
6/6/2003,Spain,1,0,1,sars
6/6/2003,Sweden,3,0,3,sars
6/6/2003,Switzerland,1,0,1,sars
6/6/2003,Thailand,8,2,6,sars
6/6/2003,United Kingdom,4,0,4,sars
6/6/2003,United States,68,0,35,sars
6/6/2003,Viet Nam,63,5,58,sars
6/9/2003,Brazil,2,0,2,sars
6/9/2003,Canada,229,32,128,sars
6/9/2003,China,5328,340,4186,sars
6/9/2003,"Hong Kong SAR, China",1753,288,1365,sars
6/9/2003,"Macao SAR, China",1,0,1,sars
6/9/2003,"Taiwan, China",680,81,257,sars
6/9/2003,Colombia,1,0,1,sars
6/9/2003,Finland,1,0,1,sars
6/9/2003,France,7,0,6,sars
6/9/2003,Germany,10,0,9,sars
6/9/2003,India,3,0,3,sars
6/9/2003,Indonesia,2,0,2,sars
6/9/2003,Italy,9,0,9,sars
6/9/2003,Kuwait,1,0,1,sars
6/9/2003,Malaysia,5,2,3,sars
6/9/2003,Mongolia,9,0,9,sars
6/9/2003,New Zealand,1,0,1,sars
6/9/2003,Philippines,12,2,10,sars
6/9/2003,Republic of Ireland,1,0,1,sars
6/9/2003,Republic of Korea,3,0,3,sars
6/9/2003,Romania,1,0,1,sars
6/9/2003,Russian Federation,1,0,0,sars
6/9/2003,Singapore,206,31,168,sars
6/9/2003,South Africa,1,1,0,sars
6/9/2003,Spain,1,0,1,sars
6/9/2003,Sweden,3,0,3,sars
6/9/2003,Switzerland,1,0,1,sars
6/9/2003,Thailand,9,2,6,sars
6/9/2003,United Kingdom,4,0,4,sars
6/9/2003,United States,68,0,35,sars
6/9/2003,Viet Nam,63,5,58,sars
6/10/2003,Brazil,3,0,2,sars
6/10/2003,Canada,229,32,131,sars
6/10/2003,China,5328,343,4294,sars
6/10/2003,"Hong Kong SAR, China",1754,290,1368,sars
6/10/2003,"Macao SAR, China",1,0,1,sars
6/10/2003,"Taiwan, China",686,81,319,sars
6/10/2003,Colombia,1,0,1,sars
6/10/2003,Finland,1,0,1,sars
6/10/2003,France,7,0,6,sars
6/10/2003,Germany,10,0,9,sars
6/10/2003,India,3,0,3,sars
6/10/2003,Indonesia,2,0,2,sars
6/10/2003,Italy,9,0,9,sars
6/10/2003,Kuwait,1,0,1,sars
6/10/2003,Malaysia,5,2,3,sars
6/10/2003,Mongolia,9,0,9,sars
6/10/2003,New Zealand,1,0,1,sars
6/10/2003,Philippines,12,2,10,sars
6/10/2003,Republic of Ireland,1,0,1,sars
6/10/2003,Republic of Korea,3,0,3,sars
6/10/2003,Romania,1,0,1,sars
6/10/2003,Russian Federation,1,0,0,sars
6/10/2003,Singapore,206,31,168,sars
6/10/2003,South Africa,1,1,0,sars
6/10/2003,Spain,1,0,1,sars
6/10/2003,Sweden,3,0,3,sars
6/10/2003,Switzerland,1,0,1,sars
6/10/2003,Thailand,9,2,6,sars
6/10/2003,United Kingdom,4,0,4,sars
6/10/2003,United States,69,0,36,sars
6/10/2003,Viet Nam,63,5,58,sars
6/11/2003,Brazil,3,0,2,sars
6/11/2003,Canada,230,32,134,sars
6/11/2003,China,5329,343,4390,sars
6/11/2003,"Hong Kong SAR, China",1754,290,1368,sars
6/11/2003,"Macao SAR, China",1,0,1,sars
6/11/2003,"Taiwan, China",687,81,344,sars
6/11/2003,Colombia,1,0,1,sars
6/11/2003,Finland,1,0,1,sars
6/11/2003,France,7,0,6,sars
6/11/2003,Germany,10,0,9,sars
6/11/2003,India,3,0,3,sars
6/11/2003,Indonesia,2,0,2,sars
6/11/2003,Italy,9,0,9,sars
6/11/2003,Kuwait,1,0,1,sars
6/11/2003,Malaysia,5,2,3,sars
6/11/2003,Mongolia,9,0,9,sars
6/11/2003,New Zealand,1,0,1,sars
6/11/2003,Philippines,12,2,10,sars
6/11/2003,Republic of Ireland,1,0,1,sars
6/11/2003,Republic of Korea,3,0,3,sars
6/11/2003,Romania,1,0,1,sars
6/11/2003,Russian Federation,1,0,0,sars
6/11/2003,Singapore,206,31,168,sars
6/11/2003,South Africa,1,1,0,sars
6/11/2003,Spain,1,0,1,sars
6/11/2003,Sweden,3,0,3,sars
6/11/2003,Switzerland,1,0,1,sars
6/11/2003,Thailand,9,2,6,sars
6/11/2003,United Kingdom,4,0,4,sars
6/11/2003,United States,71,0,36,sars
6/11/2003,Viet Nam,63,5,58,sars
6/12/2003,Brazil,3,0,2,sars
6/12/2003,Canada,238,32,141,sars
6/12/2003,China,5328,343,4457,sars
6/12/2003,"Hong Kong SAR, China",1755,291,1377,sars
6/12/2003,"Macao SAR, China",1,0,1,sars
6/12/2003,"Taiwan, China",688,81,347,sars
6/12/2003,Colombia,1,0,1,sars
6/12/2003,Finland,1,0,1,sars
6/12/2003,France,7,0,6,sars
6/12/2003,Germany,10,0,9,sars
6/12/2003,India,3,0,3,sars
6/12/2003,Indonesia,2,0,2,sars
6/12/2003,Italy,9,0,9,sars
6/12/2003,Kuwait,1,0,1,sars
6/12/2003,Malaysia,5,2,3,sars
6/12/2003,Mongolia,9,0,9,sars
6/12/2003,New Zealand,1,0,1,sars
6/12/2003,Philippines,14,2,12,sars
6/12/2003,Republic of Ireland,1,0,1,sars
6/12/2003,Republic of Korea,3,0,3,sars
6/12/2003,Romania,1,0,1,sars
6/12/2003,Russian Federation,1,0,0,sars
6/12/2003,Singapore,206,31,169,sars
6/12/2003,South Africa,1,1,0,sars
6/12/2003,Spain,1,0,1,sars
6/12/2003,Sweden,3,0,3,sars
6/12/2003,Switzerland,1,0,1,sars
6/12/2003,Thailand,9,2,6,sars
6/12/2003,United Kingdom,4,0,4,sars
6/12/2003,United States,70,0,36,sars
6/12/2003,Viet Nam,63,5,58,sars
6/13/2003,Brazil,3,0,2,sars
6/13/2003,Canada,242,32,150,sars
6/13/2003,China,5327,343,4530,sars
6/13/2003,"Hong Kong SAR, China",1755,293,1380,sars
6/13/2003,"Macao SAR, China",1,0,1,sars
6/13/2003,"Taiwan, China",693,81,385,sars
6/13/2003,Colombia,1,0,1,sars
6/13/2003,Finland,1,0,1,sars
6/13/2003,France,7,0,6,sars
6/13/2003,Germany,10,0,9,sars
6/13/2003,India,3,0,3,sars
6/13/2003,Indonesia,2,0,2,sars
6/13/2003,Italy,9,0,9,sars
6/13/2003,Kuwait,1,0,1,sars
6/13/2003,Malaysia,5,2,3,sars
6/13/2003,Mongolia,9,0,9,sars
6/13/2003,New Zealand,1,0,1,sars
6/13/2003,Philippines,14,2,12,sars
6/13/2003,Republic of Ireland,1,0,1,sars
6/13/2003,Republic of Korea,3,0,3,sars
6/13/2003,Romania,1,0,1,sars
6/13/2003,Russian Federation,1,0,0,sars
6/13/2003,Singapore,206,31,169,sars
6/13/2003,South Africa,1,1,0,sars
6/13/2003,Spain,1,0,1,sars
6/13/2003,Sweden,3,0,3,sars
6/13/2003,Switzerland,1,0,1,sars
6/13/2003,Thailand,9,2,6,sars
6/13/2003,United Kingdom,4,0,4,sars
6/13/2003,United States,71,0,36,sars
6/13/2003,Viet Nam,63,5,58,sars
6/16/2003,Brazil,3,0,2,sars
6/16/2003,Canada,243,32,156,sars
6/16/2003,China,5326,346,4656,sars
6/16/2003,"Hong Kong SAR, China",1755,295,1386,sars
6/16/2003,"Macao SAR, China",1,0,1,sars
6/16/2003,"Taiwan, China",698,83,443,sars
6/16/2003,Colombia,1,0,1,sars
6/16/2003,Finland,1,0,1,sars
6/16/2003,France,7,0,6,sars
6/16/2003,Germany,10,0,9,sars
6/16/2003,India,3,0,3,sars
6/16/2003,Indonesia,2,0,2,sars
6/16/2003,Italy,9,0,9,sars
6/16/2003,Kuwait,1,0,1,sars
6/16/2003,Malaysia,5,2,3,sars
6/16/2003,Mongolia,9,0,9,sars
6/16/2003,New Zealand,1,0,1,sars
6/16/2003,Philippines,14,2,12,sars
6/16/2003,Republic of Ireland,1,0,1,sars
6/16/2003,Republic of Korea,3,0,3,sars
6/16/2003,Romania,1,0,1,sars
6/16/2003,Russian Federation,1,0,0,sars
6/16/2003,Singapore,206,31,169,sars
6/16/2003,South Africa,1,1,0,sars
6/16/2003,Spain,1,0,1,sars
6/16/2003,Sweden,3,0,3,sars
6/16/2003,Switzerland,1,0,1,sars
6/16/2003,Thailand,9,2,6,sars
6/16/2003,United Kingdom,4,0,4,sars
6/16/2003,United States,72,0,36,sars
6/16/2003,Viet Nam,63,5,58,sars
6/17/2003,Brazil,3,0,2,sars
6/17/2003,Canada,247,32,171,sars
6/17/2003,China,5326,346,4725,sars
6/17/2003,"Hong Kong SAR, China",1755,295,1387,sars
6/17/2003,"Macao SAR, China",1,0,1,sars
6/17/2003,"Taiwan, China",697,83,460,sars
6/17/2003,Colombia,1,0,1,sars
6/17/2003,Finland,1,0,1,sars
6/17/2003,France,7,0,6,sars
6/17/2003,Germany,10,0,9,sars
6/17/2003,India,3,0,3,sars
6/17/2003,Indonesia,2,0,2,sars
6/17/2003,Italy,9,0,9,sars
6/17/2003,Kuwait,1,0,1,sars
6/17/2003,Malaysia,5,2,3,sars
6/17/2003,Mongolia,9,0,9,sars
6/17/2003,New Zealand,1,0,1,sars
6/17/2003,Philippines,14,2,12,sars
6/17/2003,Republic of Ireland,1,0,1,sars
6/17/2003,Republic of Korea,3,0,3,sars
6/17/2003,Romania,1,0,1,sars
6/17/2003,Russian Federation,1,0,0,sars
6/17/2003,Singapore,206,31,169,sars
6/17/2003,South Africa,1,1,0,sars
6/17/2003,Spain,1,0,1,sars
6/17/2003,Sweden,3,0,3,sars
6/17/2003,Switzerland,1,0,1,sars
6/17/2003,Thailand,9,2,6,sars
6/17/2003,United Kingdom,4,0,4,sars
6/17/2003,United States,73,0,36,sars
6/17/2003,Viet Nam,63,5,58,sars
6/18/2003,Brazil,3,0,2,sars
6/18/2003,Canada,246,33,176,sars
6/18/2003,China,5326,347,4762,sars
6/18/2003,"Hong Kong SAR, China",1755,295,1393,sars
6/18/2003,"Macao SAR, China",1,0,1,sars
6/18/2003,"Taiwan, China",697,83,469,sars
6/18/2003,Colombia,1,0,1,sars
6/18/2003,Finland,1,0,1,sars
6/18/2003,France,7,0,6,sars
6/18/2003,Germany,10,0,9,sars
6/18/2003,India,3,0,3,sars
6/18/2003,Indonesia,2,0,2,sars
6/18/2003,Italy,9,0,9,sars
6/18/2003,Kuwait,1,0,1,sars
6/18/2003,Malaysia,5,2,3,sars
6/18/2003,Mongolia,9,0,9,sars
6/18/2003,New Zealand,1,0,1,sars
6/18/2003,Philippines,14,2,12,sars
6/18/2003,Republic of Ireland,1,0,1,sars
6/18/2003,Republic of Korea,3,0,3,sars
6/18/2003,Romania,1,0,1,sars
6/18/2003,Russian Federation,1,0,0,sars
6/18/2003,Singapore,206,31,169,sars
6/18/2003,South Africa,1,1,0,sars
6/18/2003,Spain,1,0,1,sars
6/18/2003,Sweden,3,0,3,sars
6/18/2003,Switzerland,1,0,1,sars
6/18/2003,Thailand,9,2,6,sars
6/18/2003,United Kingdom,4,0,4,sars
6/18/2003,United States,75,0,36,sars
6/18/2003,Viet Nam,63,5,58,sars
6/19/2003,Brazil,3,0,2,sars
6/19/2003,Canada,245,34,175,sars
6/19/2003,China,5326,347,4786,sars
6/19/2003,"Hong Kong SAR, China",1755,296,1396,sars
6/19/2003,"Macao SAR, China",1,0,1,sars
6/19/2003,"Taiwan, China",695,84,472,sars
6/19/2003,Colombia,1,0,1,sars
6/19/2003,Finland,1,0,1,sars
6/19/2003,France,7,0,6,sars
6/19/2003,Germany,10,0,9,sars
6/19/2003,India,3,0,3,sars
6/19/2003,Indonesia,2,0,2,sars
6/19/2003,Italy,9,0,9,sars
6/19/2003,Kuwait,1,0,1,sars
6/19/2003,Malaysia,5,2,3,sars
6/19/2003,Mongolia,9,0,9,sars
6/19/2003,New Zealand,1,0,1,sars
6/19/2003,Philippines,14,2,12,sars
6/19/2003,Republic of Ireland,1,0,1,sars
6/19/2003,Republic of Korea,3,0,3,sars
6/19/2003,Romania,1,0,1,sars
6/19/2003,Russian Federation,1,0,0,sars
6/19/2003,Singapore,206,31,170,sars
6/19/2003,South Africa,1,1,0,sars
6/19/2003,Spain,1,0,1,sars
6/19/2003,Sweden,3,0,3,sars
6/19/2003,Switzerland,1,0,1,sars
6/19/2003,Thailand,9,2,6,sars
6/19/2003,United Kingdom,4,0,4,sars
6/19/2003,United States,75,0,36,sars
6/19/2003,Viet Nam,63,5,58,sars
6/20/2003,Brazil,3,0,2,sars
6/20/2003,Canada,245,34,180,sars
6/20/2003,China,5326,347,4806,sars
6/20/2003,"Hong Kong SAR, China",1755,296,1403,sars
6/20/2003,"Macao SAR, China",1,0,1,sars
6/20/2003,"Taiwan, China",695,84,480,sars
6/20/2003,Colombia,1,0,1,sars
6/20/2003,Finland,1,0,1,sars
6/20/2003,France,7,0,6,sars
6/20/2003,Germany,10,0,9,sars
6/20/2003,India,3,0,3,sars
6/20/2003,Indonesia,2,0,2,sars
6/20/2003,Italy,9,0,9,sars
6/20/2003,Kuwait,1,0,1,sars
6/20/2003,Malaysia,5,2,3,sars
6/20/2003,Mongolia,9,0,9,sars
6/20/2003,New Zealand,1,0,1,sars
6/20/2003,Philippines,14,2,12,sars
6/20/2003,Republic of Ireland,1,0,1,sars
6/20/2003,Republic of Korea,3,0,3,sars
6/20/2003,Romania,1,0,1,sars
6/20/2003,Russian Federation,1,0,0,sars
6/20/2003,Singapore,206,31,170,sars
6/20/2003,South Africa,1,1,0,sars
6/20/2003,Spain,1,0,1,sars
6/20/2003,Sweden,3,0,3,sars
6/20/2003,Switzerland,1,0,1,sars
6/20/2003,Thailand,9,2,6,sars
6/20/2003,United Kingdom,4,0,4,sars
6/20/2003,United States,74,0,36,sars
6/20/2003,Viet Nam,63,5,58,sars
6/23/2003,Brazil,3,0,2,sars
6/23/2003,Canada,246,35,182,sars
6/23/2003,China,5326,347,4895,sars
6/23/2003,"Hong Kong SAR, China",1755,296,1411,sars
6/23/2003,"Macao SAR, China",1,0,1,sars
6/23/2003,"Taiwan, China",692,84,486,sars
6/23/2003,Colombia,1,0,1,sars
6/23/2003,Finland,1,0,1,sars
6/23/2003,France,7,0,6,sars
6/23/2003,Germany,10,0,9,sars
6/23/2003,India,3,0,3,sars
6/23/2003,Indonesia,2,0,2,sars
6/23/2003,Italy,9,0,9,sars
6/23/2003,Kuwait,1,0,1,sars
6/23/2003,Malaysia,5,2,3,sars
6/23/2003,Mongolia,9,0,9,sars
6/23/2003,New Zealand,1,0,1,sars
6/23/2003,Philippines,14,2,12,sars
6/23/2003,Republic of Ireland,1,0,1,sars
6/23/2003,Republic of Korea,3,0,3,sars
6/23/2003,Romania,1,0,1,sars
6/23/2003,Russian Federation,1,0,0,sars
6/23/2003,Singapore,206,31,170,sars
6/23/2003,South Africa,1,1,0,sars
6/23/2003,Spain,1,0,1,sars
6/23/2003,Sweden,3,0,3,sars
6/23/2003,Switzerland,1,0,1,sars
6/23/2003,Thailand,9,2,7,sars
6/23/2003,United Kingdom,4,0,4,sars
6/23/2003,United States,74,0,36,sars
6/23/2003,Viet Nam,63,5,58,sars
6/24/2003,Brazil,3,0,2,sars
6/24/2003,Canada,249,37,188,sars
6/24/2003,China,5326,347,4901,sars
6/24/2003,"Hong Kong SAR, China",1755,296,1417,sars
6/24/2003,"Macao SAR, China",1,0,1,sars
6/24/2003,"Taiwan, China",687,84,492,sars
6/24/2003,Colombia,1,0,1,sars
6/24/2003,Finland,1,0,1,sars
6/24/2003,France,7,0,6,sars
6/24/2003,Germany,10,0,9,sars
6/24/2003,India,3,0,3,sars
6/24/2003,Indonesia,2,0,2,sars
6/24/2003,Italy,9,0,9,sars
6/24/2003,Kuwait,1,0,1,sars
6/24/2003,Malaysia,5,2,3,sars
6/24/2003,Mongolia,9,0,9,sars
6/24/2003,New Zealand,1,0,1,sars
6/24/2003,Philippines,14,2,12,sars
6/24/2003,Republic of Ireland,1,0,1,sars
6/24/2003,Republic of Korea,3,0,3,sars
6/24/2003,Romania,1,0,1,sars
6/24/2003,Russian Federation,1,0,0,sars
6/24/2003,Singapore,206,31,170,sars
6/24/2003,South Africa,1,1,0,sars
6/24/2003,Spain,1,0,1,sars
6/24/2003,Sweden,3,0,3,sars
6/24/2003,Switzerland,1,0,1,sars
6/24/2003,Thailand,9,2,7,sars
6/24/2003,United Kingdom,4,0,4,sars
6/24/2003,United States,75,0,36,sars
6/24/2003,Viet Nam,63,5,58,sars
6/25/2003,Brazil,3,0,2,sars
6/25/2003,Canada,250,37,188,sars
6/25/2003,China,5327,348,4916,sars
6/25/2003,"Hong Kong SAR, China",1755,296,1419,sars
6/25/2003,"Macao SAR, China",1,0,1,sars
6/25/2003,"Taiwan, China",686,84,492,sars
6/25/2003,Colombia,1,0,1,sars
6/25/2003,Finland,1,0,1,sars
6/25/2003,France,7,0,6,sars
6/25/2003,Germany,10,0,9,sars
6/25/2003,India,3,0,3,sars
6/25/2003,Indonesia,2,0,2,sars
6/25/2003,Italy,9,0,9,sars
6/25/2003,Japan,1,0,0,sars
6/25/2003,Kuwait,1,0,1,sars
6/25/2003,Malaysia,5,2,3,sars
6/25/2003,Mongolia,9,0,9,sars
6/25/2003,New Zealand,1,0,1,sars
6/25/2003,Philippines,14,2,12,sars
6/25/2003,Republic of Ireland,1,0,1,sars
6/25/2003,Republic of Korea,3,0,3,sars
6/25/2003,Romania,1,0,1,sars
6/25/2003,Russian Federation,1,0,0,sars
6/25/2003,Singapore,206,31,170,sars
6/25/2003,South Africa,1,1,0,sars
6/25/2003,Spain,1,0,1,sars
6/25/2003,Sweden,3,0,3,sars
6/25/2003,Switzerland,1,0,1,sars
6/25/2003,Thailand,9,2,7,sars
6/25/2003,United Kingdom,4,0,4,sars
6/25/2003,United States,75,0,36,sars
6/25/2003,Viet Nam,63,5,58,sars
6/26/2003,Brazil,3,0,2,sars
6/26/2003,Canada,251,37,190,sars
6/26/2003,China,5327,348,4921,sars
6/26/2003,"Hong Kong SAR, China",1755,296,1419,sars
6/26/2003,"Macao SAR, China",1,0,1,sars
6/26/2003,"Taiwan, China",682,84,491,sars
6/26/2003,Colombia,1,0,1,sars
6/26/2003,Finland,1,0,1,sars
6/26/2003,France,7,0,6,sars
6/26/2003,Germany,10,0,9,sars
6/26/2003,India,3,0,3,sars
6/26/2003,Indonesia,2,0,2,sars
6/26/2003,Italy,9,0,9,sars
6/26/2003,Japan,1,0,0,sars
6/26/2003,Kuwait,1,0,1,sars
6/26/2003,Malaysia,5,2,3,sars
6/26/2003,Mongolia,9,0,9,sars
6/26/2003,New Zealand,1,0,1,sars
6/26/2003,Philippines,14,2,12,sars
6/26/2003,Republic of Ireland,1,0,1,sars
6/26/2003,Republic of Korea,3,0,3,sars
6/26/2003,Romania,1,0,1,sars
6/26/2003,Russian Federation,1,0,0,sars
6/26/2003,Singapore,206,32,170,sars
6/26/2003,South Africa,1,1,0,sars
6/26/2003,Spain,1,0,1,sars
6/26/2003,Sweden,3,0,3,sars
6/26/2003,Switzerland,1,0,1,sars
6/26/2003,Thailand,9,2,7,sars
6/26/2003,United Kingdom,4,0,4,sars
6/26/2003,United States,74,0,36,sars
6/26/2003,Viet Nam,63,5,58,sars
6/27/2003,Brazil,3,0,2,sars
6/27/2003,Canada,251,37,191,sars
6/27/2003,China,5327,348,4921,sars
6/27/2003,"Hong Kong SAR, China",1755,297,1422,sars
6/27/2003,"Macao SAR, China",1,0,1,sars
6/27/2003,"Taiwan, China",681,84,492,sars
6/27/2003,Colombia,1,0,1,sars
6/27/2003,Finland,1,0,1,sars
6/27/2003,France,7,0,6,sars
6/27/2003,Germany,10,0,9,sars
6/27/2003,India,3,0,3,sars
6/27/2003,Indonesia,2,0,2,sars
6/27/2003,Italy,5,0,5,sars
6/27/2003,Kuwait,1,0,1,sars
6/27/2003,Malaysia,5,2,3,sars
6/27/2003,Mongolia,9,0,9,sars
6/27/2003,New Zealand,1,0,1,sars
6/27/2003,Philippines,14,2,12,sars
6/27/2003,Republic of Ireland,1,0,1,sars
6/27/2003,Republic of Korea,3,0,3,sars
6/27/2003,Romania,1,0,1,sars
6/27/2003,Russian Federation,1,0,0,sars
6/27/2003,Singapore,206,32,171,sars
6/27/2003,South Africa,1,1,0,sars
6/27/2003,Spain,1,0,1,sars
6/27/2003,Sweden,3,0,3,sars
6/27/2003,Switzerland,1,0,1,sars
6/27/2003,Thailand,9,2,7,sars
6/27/2003,United Kingdom,4,0,4,sars
6/27/2003,United States,74,0,64,sars
6/27/2003,Viet Nam,63,5,58,sars
6/30/2003,Australia,5,0,5,sars
6/30/2003,Brazil,3,0,2,sars
6/30/2003,Canada,252,37,192,sars
6/30/2003,China,5327,348,4927,sars
6/30/2003,"Hong Kong SAR, China",1755,298,1429,sars
6/30/2003,"Macao SAR, China",1,0,1,sars
6/30/2003,"Taiwan, China",678,84,495,sars
6/30/2003,Colombia,1,0,1,sars
6/30/2003,Finland,1,0,1,sars
6/30/2003,France,7,0,6,sars
6/30/2003,Germany,10,0,9,sars
6/30/2003,India,3,0,3,sars
6/30/2003,Indonesia,2,0,2,sars
6/30/2003,Italy,5,0,5,sars
6/30/2003,Kuwait,1,0,1,sars
6/30/2003,Malaysia,5,2,3,sars
6/30/2003,Mongolia,9,0,9,sars
6/30/2003,New Zealand,1,0,1,sars
6/30/2003,Philippines,14,2,12,sars
6/30/2003,Republic of Ireland,1,0,1,sars
6/30/2003,Republic of Korea,3,0,3,sars
6/30/2003,Romania,1,0,1,sars
6/30/2003,Russian Federation,1,0,0,sars
6/30/2003,Singapore,206,32,171,sars
6/30/2003,South Africa,1,1,0,sars
6/30/2003,Spain,1,0,1,sars
6/30/2003,Sweden,3,0,3,sars
6/30/2003,Switzerland,1,0,1,sars
6/30/2003,Thailand,9,2,7,sars
6/30/2003,United Kingdom,4,0,4,sars
6/30/2003,United States,73,0,63,sars
6/30/2003,Viet Nam,63,5,58,sars
7/1/2003,Brazil,1,0,1,sars
7/1/2003,Canada,252,38,192,sars
7/1/2003,China,5327,348,4930,sars
7/1/2003,"Hong Kong SAR, China",1755,298,1429,sars
7/1/2003,"Macao SAR, China",1,0,1,sars
7/1/2003,"Taiwan, China",678,84,498,sars
7/1/2003,Colombia,1,0,1,sars
7/1/2003,Finland,1,0,1,sars
7/1/2003,France,7,0,6,sars
7/1/2003,Germany,10,0,9,sars
7/1/2003,India,3,0,3,sars
7/1/2003,Indonesia,2,0,2,sars
7/1/2003,Italy,5,0,5,sars
7/1/2003,Kuwait,1,0,1,sars
7/1/2003,Malaysia,5,2,3,sars
7/1/2003,Mongolia,9,0,9,sars
7/1/2003,New Zealand,1,0,1,sars
7/1/2003,Philippines,14,2,12,sars
7/1/2003,Republic of Ireland,1,0,1,sars
7/1/2003,Republic of Korea,3,0,3,sars
7/1/2003,Romania,1,0,1,sars
7/1/2003,Russian Federation,1,0,0,sars
7/1/2003,Singapore,206,32,171,sars
7/1/2003,South Africa,1,1,0,sars
7/1/2003,Spain,1,0,1,sars
7/1/2003,Sweden,3,0,3,sars
7/1/2003,Switzerland,1,0,1,sars
7/1/2003,Thailand,9,2,7,sars
7/1/2003,United Kingdom,4,0,4,sars
7/1/2003,United States,73,0,63,sars
7/1/2003,Viet Nam,63,5,58,sars
7/2/2003,Brazil,1,0,1,sars
7/2/2003,Canada,252,38,192,sars
7/2/2003,China,5327,348,4933,sars
7/2/2003,"Hong Kong SAR, China",1755,298,1429,sars
7/2/2003,"Macao SAR, China",1,0,1,sars
7/2/2003,"Taiwan, China",676,84,498,sars
7/2/2003,Colombia,1,0,1,sars
7/2/2003,Finland,1,0,1,sars
7/2/2003,France,7,0,6,sars
7/2/2003,Germany,10,0,9,sars
7/2/2003,India,3,0,3,sars
7/2/2003,Indonesia,2,0,2,sars
7/2/2003,Italy,4,0,4,sars
7/2/2003,Kuwait,1,0,1,sars
7/2/2003,Malaysia,5,2,3,sars
7/2/2003,Mongolia,9,0,9,sars
7/2/2003,New Zealand,1,0,1,sars
7/2/2003,Philippines,14,2,12,sars
7/2/2003,Republic of Ireland,1,0,1,sars
7/2/2003,Republic of Korea,3,0,3,sars
7/2/2003,Romania,1,0,1,sars
7/2/2003,Russian Federation,1,0,0,sars
7/2/2003,Singapore,206,32,171,sars
7/2/2003,South Africa,1,1,0,sars
7/2/2003,Spain,1,0,1,sars
7/2/2003,Sweden,3,0,3,sars
7/2/2003,Switzerland,1,0,1,sars
7/2/2003,Thailand,9,2,7,sars
7/2/2003,United Kingdom,4,0,4,sars
7/2/2003,United States,73,0,63,sars
7/2/2003,Viet Nam,63,5,58,sars
7/3/2003,Brazil,1,0,1,sars
7/3/2003,Canada,251,38,193,sars
7/3/2003,China,5327,348,4933,sars
7/3/2003,"Hong Kong SAR, China",1755,298,1429,sars
7/3/2003,"Macao SAR, China",1,0,1,sars
7/3/2003,"Taiwan, China",674,84,498,sars
7/3/2003,Colombia,1,0,1,sars
7/3/2003,Finland,1,0,1,sars
7/3/2003,France,7,0,6,sars
7/3/2003,Germany,10,0,9,sars
7/3/2003,India,3,0,3,sars
7/3/2003,Indonesia,2,0,2,sars
7/3/2003,Italy,4,0,4,sars
7/3/2003,Kuwait,1,0,1,sars
7/3/2003,Malaysia,5,2,3,sars
7/3/2003,Mongolia,9,0,9,sars
7/3/2003,New Zealand,1,0,1,sars
7/3/2003,Philippines,14,2,12,sars
7/3/2003,Republic of Ireland,1,0,1,sars
7/3/2003,Republic of Korea,3,0,3,sars
7/3/2003,Romania,1,0,1,sars
7/3/2003,Russian Federation,1,0,0,sars
7/3/2003,Singapore,206,32,171,sars
7/3/2003,South Africa,1,1,0,sars
7/3/2003,Spain,1,0,1,sars
7/3/2003,Sweden,3,0,3,sars
7/3/2003,Switzerland,1,0,1,sars
7/3/2003,Thailand,9,2,7,sars
7/3/2003,United Kingdom,4,0,4,sars
7/3/2003,United States,73,0,65,sars
7/3/2003,Viet Nam,63,5,58,sars
7/4/2003,Brazil,1,0,1,sars
7/4/2003,Canada,251,38,193,sars
7/4/2003,China,5327,348,4934,sars
7/4/2003,"Hong Kong SAR, China",1755,298,1430,sars
7/4/2003,"Macao SAR, China",1,0,1,sars
7/4/2003,"Taiwan, China",674,84,500,sars
7/4/2003,Colombia,1,0,1,sars
7/4/2003,Finland,1,0,1,sars
7/4/2003,France,7,0,6,sars
7/4/2003,Germany,10,0,9,sars
7/4/2003,India,3,0,3,sars
7/4/2003,Indonesia,2,0,2,sars
7/4/2003,Italy,4,0,4,sars
7/4/2003,Kuwait,1,0,1,sars
7/4/2003,Malaysia,5,2,3,sars
7/4/2003,Mongolia,9,0,9,sars
7/4/2003,New Zealand,1,0,1,sars
7/4/2003,Philippines,14,2,12,sars
7/4/2003,Republic of Ireland,1,0,1,sars
7/4/2003,Republic of Korea,3,0,3,sars
7/4/2003,Romania,1,0,1,sars
7/4/2003,Russian Federation,1,0,0,sars
7/4/2003,Singapore,206,32,171,sars
7/4/2003,South Africa,1,1,0,sars
7/4/2003,Spain,1,0,1,sars
7/4/2003,Sweden,3,0,3,sars
7/4/2003,Switzerland,1,0,1,sars
7/4/2003,Thailand,9,2,7,sars
7/4/2003,United Kingdom,4,0,4,sars
7/4/2003,United States,73,0,65,sars
7/4/2003,Viet Nam,63,5,58,sars
7/7/2003,Brazil,1,0,1,sars
7/7/2003,Canada,251,38,193,sars
7/7/2003,China,5327,348,4934,sars
7/7/2003,"Hong Kong SAR, China",1755,298,1430,sars
7/7/2003,"Macao SAR, China",1,0,1,sars
7/7/2003,"Taiwan, China",674,84,500,sars
7/7/2003,Colombia,1,0,1,sars
7/7/2003,Finland,1,0,1,sars
7/7/2003,France,7,0,6,sars
7/7/2003,Germany,10,0,9,sars
7/7/2003,India,3,0,3,sars
7/7/2003,Indonesia,2,0,2,sars
7/7/2003,Italy,4,0,4,sars
7/7/2003,Kuwait,1,0,1,sars
7/7/2003,Malaysia,5,2,3,sars
7/7/2003,Mongolia,9,0,9,sars
7/7/2003,New Zealand,1,0,1,sars
7/7/2003,Philippines,14,2,12,sars
7/7/2003,Republic of Ireland,1,0,1,sars
7/7/2003,Republic of Korea,3,0,3,sars
7/7/2003,Romania,1,0,1,sars
7/7/2003,Russian Federation,1,0,0,sars
7/7/2003,Singapore,206,32,171,sars
7/7/2003,South Africa,1,1,0,sars
7/7/2003,Spain,1,0,1,sars
7/7/2003,Sweden,3,0,3,sars
7/7/2003,Switzerland,1,0,1,sars
7/7/2003,Thailand,9,2,7,sars
7/7/2003,United Kingdom,4,0,4,sars
7/7/2003,United States,73,0,65,sars
7/7/2003,Viet Nam,63,5,58,sars
7/8/2003,Brazil,1,0,1,sars
7/8/2003,Canada,250,38,194,sars
7/8/2003,China,5327,348,4934,sars
7/8/2003,"Hong Kong SAR, China",1755,298,1430,sars
7/8/2003,"Macao SAR, China",1,0,1,sars
7/8/2003,"Taiwan, China",671,84,502,sars
7/8/2003,Colombia,1,0,1,sars
7/8/2003,Finland,1,0,1,sars
7/8/2003,France,7,0,6,sars
7/8/2003,Germany,10,0,9,sars
7/8/2003,India,3,0,3,sars
7/8/2003,Indonesia,2,0,2,sars
7/8/2003,Italy,4,0,4,sars
7/8/2003,Kuwait,1,0,1,sars
7/8/2003,Malaysia,5,2,3,sars
7/8/2003,Mongolia,9,0,9,sars
7/8/2003,New Zealand,1,0,1,sars
7/8/2003,Philippines,14,2,12,sars
7/8/2003,Republic of Ireland,1,0,1,sars
7/8/2003,Republic of Korea,3,0,3,sars
7/8/2003,Romania,1,0,1,sars
7/8/2003,Russian Federation,1,0,0,sars
7/8/2003,Singapore,206,32,171,sars
7/8/2003,South Africa,1,1,0,sars
7/8/2003,Spain,1,0,1,sars
7/8/2003,Sweden,3,0,3,sars
7/8/2003,Switzerland,1,0,1,sars
7/8/2003,Thailand,9,2,7,sars
7/8/2003,United Kingdom,4,0,4,sars
7/8/2003,United States,74,0,64,sars
7/8/2003,Viet Nam,63,5,58,sars
7/9/2003,Brazil,1,0,1,sars
7/9/2003,Canada,249,38,193,sars
7/9/2003,China,5327,348,4939,sars
7/9/2003,"Hong Kong SAR, China",1755,298,1431,sars
7/9/2003,"Macao SAR, China",1,0,1,sars
7/9/2003,"Taiwan, China",671,84,504,sars
7/9/2003,Colombia,1,0,1,sars
7/9/2003,Finland,1,0,1,sars
7/9/2003,France,7,0,6,sars
7/9/2003,Germany,10,0,9,sars
7/9/2003,India,3,0,3,sars
7/9/2003,Indonesia,2,0,2,sars
7/9/2003,Italy,4,0,4,sars
7/9/2003,Kuwait,1,0,1,sars
7/9/2003,Malaysia,5,2,3,sars
7/9/2003,Mongolia,9,0,9,sars
7/9/2003,New Zealand,1,0,1,sars
7/9/2003,Philippines,14,2,12,sars
7/9/2003,Republic of Ireland,1,0,1,sars
7/9/2003,Republic of Korea,3,0,3,sars
7/9/2003,Romania,1,0,1,sars
7/9/2003,Russian Federation,1,0,0,sars
7/9/2003,Singapore,206,32,171,sars
7/9/2003,South Africa,1,1,0,sars
7/9/2003,Spain,1,0,1,sars
7/9/2003,Sweden,3,0,3,sars
7/9/2003,Switzerland,1,0,1,sars
7/9/2003,Thailand,9,2,7,sars
7/9/2003,United Kingdom,4,0,4,sars
7/9/2003,United States,75,0,67,sars
7/9/2003,Viet Nam,63,5,58,sars
7/10/2003,Brazil,1,0,1,sars
7/10/2003,Canada,250,38,194,sars
7/10/2003,China,5327,348,4941,sars
7/10/2003,"Hong Kong SAR, China",1755,298,1431,sars
7/10/2003,"Macao SAR, China",1,0,1,sars
7/10/2003,"Taiwan, China",671,84,506,sars
7/10/2003,Colombia,1,0,1,sars
7/10/2003,Finland,1,0,1,sars
7/10/2003,France,7,0,6,sars
7/10/2003,Germany,10,0,9,sars
7/10/2003,India,3,0,3,sars
7/10/2003,Indonesia,2,0,2,sars
7/10/2003,Italy,4,0,4,sars
7/10/2003,Kuwait,1,0,1,sars
7/10/2003,Malaysia,5,2,3,sars
7/10/2003,Mongolia,9,0,9,sars
7/10/2003,New Zealand,1,0,1,sars
7/10/2003,Philippines,14,2,12,sars
7/10/2003,Republic of Ireland,1,0,1,sars
7/10/2003,Republic of Korea,3,0,3,sars
7/10/2003,Romania,1,0,1,sars
7/10/2003,Russian Federation,1,0,0,sars
7/10/2003,Singapore,206,32,172,sars
7/10/2003,South Africa,1,1,0,sars
7/10/2003,Spain,1,0,1,sars
7/10/2003,Sweden,3,0,3,sars
7/10/2003,Switzerland,1,0,1,sars
7/10/2003,Thailand,9,2,7,sars
7/10/2003,United Kingdom,4,0,4,sars
7/10/2003,United States,75,0,67,sars
7/10/2003,Viet Nam,63,5,58,sars
7/11/2003,Brazil,1,0,1,sars
7/11/2003,Canada,250,38,194,sars
7/11/2003,China,5327,348,4941,sars
7/11/2003,"Hong Kong SAR, China",1755,298,1433,sars
7/11/2003,"Macao SAR, China",1,0,1,sars
7/11/2003,"Taiwan, China",671,84,507,sars
7/11/2003,Colombia,1,0,1,sars
7/11/2003,Finland,1,0,1,sars
7/11/2003,France,7,1,6,sars
7/11/2003,Germany,10,0,9,sars
7/11/2003,India,3,0,3,sars
7/11/2003,Indonesia,2,0,2,sars
7/11/2003,Italy,4,0,4,sars
7/11/2003,Kuwait,1,0,1,sars
7/11/2003,Malaysia,5,2,3,sars
7/11/2003,Mongolia,9,0,9,sars
7/11/2003,New Zealand,1,0,1,sars
7/11/2003,Philippines,14,2,12,sars
7/11/2003,Republic of Ireland,1,0,1,sars
7/11/2003,Republic of Korea,3,0,3,sars
7/11/2003,Romania,1,0,1,sars
7/11/2003,Russian Federation,1,0,0,sars
7/11/2003,Singapore,206,32,172,sars
7/11/2003,South Africa,1,1,0,sars
7/11/2003,Spain,1,0,1,sars
7/11/2003,Sweden,3,0,3,sars
7/11/2003,Switzerland,1,0,1,sars
7/11/2003,Thailand,9,2,7,sars
7/11/2003,United Kingdom,4,0,4,sars
7/11/2003,United States,75,0,67,sars
7/11/2003,Viet Nam,63,5,58,sars
